TAVG,FF_AVG,RH_AVG,SS,DDD_X,DDD_CAR,TAVG^2,TAVG FF_AVG,TAVG RH_AVG,TAVG SS,TAVG DDD_X,TAVG DDD_CAR,FF_AVG^2,FF_AVG RH_AVG,FF_AVG SS,FF_AVG DDD_X,FF_AVG DDD_CAR,RH_AVG^2,RH_AVG SS,RH_AVG DDD_X,RH_AVG DDD_CAR,SS^2,SS DDD_X,SS DDD_CAR,DDD_X^2,DDD_X DDD_CAR,DDD_CAR^2,RR
28.3,2.0,82.0,2.6,230.0,0.0,800.89,56.6,2320.6,73.58,6509.0,0.0,4.0,164.0,5.2,460.0,0.0,6724.0,213.20000000000002,18860.0,0.0,6.760000000000001,598.0,0.0,52900.0,0.0,0.0,94.5
29.0,3.0,76.0,4.5,270.0,270.0,841.0,87.0,2204.0,130.5,7830.0,7830.0,9.0,228.0,13.5,810.0,810.0,5776.0,342.0,20520.0,20520.0,20.25,1215.0,1215.0,72900.0,72900.0,72900.0,2.1
28.2,2.0,80.0,8.3,250.0,225.0,795.24,56.4,2256.0,234.06,7050.0,6345.0,4.0,160.0,16.6,500.0,450.0,6400.0,664.0,20000.0,18000.0,68.89000000000001,2075.0,1867.5000000000002,62500.0,56250.0,50625.0,0.0
28.0,1.0,84.0,6.2,290.0,0.0,784.0,28.0,2352.0,173.6,8120.0,0.0,1.0,84.0,6.2,290.0,0.0,7056.0,520.8000000000001,24360.0,0.0,38.440000000000005,1798.0,0.0,84100.0,0.0,0.0,5.7
28.7,1.0,82.0,3.2,200.0,0.0,823.6899999999999,28.7,2353.4,91.84,5740.0,0.0,1.0,82.0,3.2,200.0,0.0,6724.0,262.40000000000003,16400.0,0.0,10.240000000000002,640.0,0.0,40000.0,0.0,0.0,32.0
27.8,3.0,85.0,2.4,250.0,270.0,772.84,83.4,2363.0,66.72,6950.0,7506.0,9.0,255.0,7.199999999999999,750.0,810.0,7225.0,204.0,21250.0,22950.0,5.76,600.0,648.0,62500.0,67500.0,72900.0,12.3
25.3,2.0,92.0,2.4,220.0,315.0,640.09,50.6,2327.6,60.72,5566.0,7969.5,4.0,184.0,4.8,440.0,630.0,8464.0,220.79999999999998,20240.0,28980.0,5.76,528.0,756.0,48400.0,69300.0,99225.0,26.9
27.3,0.0,81.0,0.0,310.0,0.0,745.2900000000001,0.0,2211.3,0.0,8463.0,0.0,0.0,0.0,0.0,0.0,0.0,6561.0,0.0,25110.0,0.0,0.0,0.0,0.0,96100.0,0.0,0.0,31.0
28.1,2.0,80.0,0.0,360.0,90.0,789.6100000000001,56.2,2248.0,0.0,10116.0,2529.0,4.0,160.0,0.0,720.0,180.0,6400.0,0.0,28800.0,7200.0,0.0,0.0,0.0,129600.0,32400.0,8100.0,0.0
29.9,3.0,66.0,1.5,310.0,315.0,894.0099999999999,89.69999999999999,1973.3999999999999,44.849999999999994,9269.0,9418.5,9.0,198.0,4.5,930.0,945.0,4356.0,99.0,20460.0,20790.0,2.25,465.0,472.5,96100.0,97650.0,99225.0,2.5
29.6,2.0,70.0,2.3,350.0,315.0,876.1600000000001,59.2,2072.0,68.08,10360.0,9324.0,4.0,140.0,4.6,700.0,630.0,4900.0,161.0,24500.0,22050.0,5.289999999999999,804.9999999999999,724.5,122500.0,110250.0,99225.0,0.0
27.5,2.0,83.0,1.6,250.0,225.0,756.25,55.0,2282.5,44.0,6875.0,6187.5,4.0,166.0,3.2,500.0,450.0,6889.0,132.8,20750.0,18675.0,2.5600000000000005,400.0,360.0,62500.0,56250.0,50625.0,0.0
28.4,3.0,78.0,0.1,260.0,270.0,806.56,85.19999999999999,2215.2,2.84,7384.0,7668.0,9.0,234.0,0.30000000000000004,780.0,810.0,6084.0,7.800000000000001,20280.0,21060.0,0.010000000000000002,26.0,27.0,67600.0,70200.0,72900.0,21.0
29.1,4.0,68.0,4.1,270.0,270.0,846.8100000000001,116.4,1978.8000000000002,119.31,7857.0,7857.0,16.0,272.0,16.4,1080.0,1080.0,4624.0,278.79999999999995,18360.0,18360.0,16.81,1107.0,1107.0,72900.0,72900.0,72900.0,1.0
28.5,4.0,74.0,8.2,250.0,270.0,812.25,114.0,2109.0,233.7,7125.0,7695.0,16.0,296.0,32.8,1000.0,1080.0,5476.0,606.8,18500.0,19980.0,67.24,2050.0,2214.0,62500.0,67500.0,72900.0,0.0
29.1,4.0,63.0,4.8,290.0,270.0,846.8100000000001,116.4,1833.3000000000002,139.68,8439.0,7857.0,16.0,252.0,19.2,1160.0,1080.0,3969.0,302.4,18270.0,17010.0,23.04,1392.0,1296.0,84100.0,78300.0,72900.0,0.0
29.4,4.0,66.0,6.2,260.0,270.0,864.3599999999999,117.6,1940.3999999999999,182.28,7644.0,7938.0,16.0,264.0,24.8,1040.0,1080.0,4356.0,409.2,17160.0,17820.0,38.440000000000005,1612.0,1674.0,67600.0,70200.0,72900.0,0.0
29.7,3.0,66.0,10.3,230.0,225.0,882.0899999999999,89.1,1960.2,305.91,6831.0,6682.5,9.0,198.0,30.900000000000002,690.0,675.0,4356.0,679.8000000000001,15180.0,14850.0,106.09000000000002,2369.0,2317.5,52900.0,51750.0,50625.0,0.0
28.4,1.0,73.0,10.3,300.0,315.0,806.56,28.4,2073.2,292.52,8520.0,8946.0,1.0,73.0,10.3,300.0,315.0,5329.0,751.9000000000001,21900.0,22995.0,106.09000000000002,3090.0,3244.5,90000.0,94500.0,99225.0,0.0
29.1,2.0,77.0,4.0,230.0,0.0,846.8100000000001,58.2,2240.7000000000003,116.4,6693.0,0.0,4.0,154.0,8.0,460.0,0.0,5929.0,308.0,17710.0,0.0,16.0,920.0,0.0,52900.0,0.0,0.0,4.0
29.8,2.0,72.0,5.0,270.0,270.0,888.0400000000001,59.6,2145.6,149.0,8046.0,8046.0,4.0,144.0,10.0,540.0,540.0,5184.0,360.0,19440.0,19440.0,25.0,1350.0,1350.0,72900.0,72900.0,72900.0,28.8
27.9,2.0,80.0,8.1,220.0,225.0,778.41,55.8,2232.0,225.98999999999998,6138.0,6277.5,4.0,160.0,16.2,440.0,450.0,6400.0,648.0,17600.0,18000.0,65.61,1782.0,1822.5,48400.0,49500.0,50625.0,6.6
27.8,2.0,82.0,1.6,170.0,0.0,772.84,55.6,2279.6,44.480000000000004,4726.0,0.0,4.0,164.0,3.2,340.0,0.0,6724.0,131.20000000000002,13940.0,0.0,2.5600000000000005,272.0,0.0,28900.0,0.0,0.0,1.1
26.3,1.0,88.0,4.6,30.0,0.0,691.69,26.3,2314.4,120.97999999999999,789.0,0.0,1.0,88.0,4.6,30.0,0.0,7744.0,404.79999999999995,2640.0,0.0,21.159999999999997,138.0,0.0,900.0,0.0,0.0,0.0
29.0,1.0,78.0,3.0,230.0,180.0,841.0,29.0,2262.0,87.0,6670.0,5220.0,1.0,78.0,3.0,230.0,180.0,6084.0,234.0,17940.0,14040.0,9.0,690.0,540.0,52900.0,41400.0,32400.0,38.9
29.9,2.0,75.0,6.8,250.0,180.0,894.0099999999999,59.8,2242.5,203.32,7475.0,5382.0,4.0,150.0,13.6,500.0,360.0,5625.0,510.0,18750.0,13500.0,46.239999999999995,1700.0,1224.0,62500.0,45000.0,32400.0,0.0
28.1,2.0,82.0,8.0,190.0,270.0,789.6100000000001,56.2,2304.2000000000003,224.8,5339.0,7587.0,4.0,164.0,16.0,380.0,540.0,6724.0,656.0,15580.0,22140.0,64.0,1520.0,2160.0,36100.0,51300.0,72900.0,0.0
27.0,2.0,88.0,3.8,250.0,270.0,729.0,54.0,2376.0,102.6,6750.0,7290.0,4.0,176.0,7.6,500.0,540.0,7744.0,334.4,22000.0,23760.0,14.44,950.0,1026.0,62500.0,67500.0,72900.0,0.0
28.3,2.0,85.0,1.2,240.0,270.0,800.89,56.6,2405.5,33.96,6792.0,7641.0,4.0,170.0,2.4,480.0,540.0,7225.0,102.0,20400.0,22950.0,1.44,288.0,324.0,57600.0,64800.0,72900.0,8.7
29.7,2.0,79.0,5.6,260.0,270.0,882.0899999999999,59.4,2346.2999999999997,166.32,7722.0,8019.0,4.0,158.0,11.2,520.0,540.0,6241.0,442.4,20540.0,21330.0,31.359999999999996,1456.0,1512.0,67600.0,70200.0,72900.0,1.5
29.9,2.0,78.0,8.2,260.0,225.0,894.0099999999999,59.8,2332.2,245.17999999999998,7774.0,6727.5,4.0,156.0,16.4,520.0,450.0,6084.0,639.5999999999999,20280.0,17550.0,67.24,2132.0,1844.9999999999998,67600.0,58500.0,50625.0,5.0
29.5,2.0,77.0,9.8,250.0,270.0,870.25,59.0,2271.5,289.1,7375.0,7965.0,4.0,154.0,19.6,500.0,540.0,5929.0,754.6,19250.0,20790.0,96.04000000000002,2450.0,2646.0,62500.0,67500.0,72900.0,0.0
30.0,2.0,66.0,9.5,250.0,270.0,900.0,60.0,1980.0,285.0,7500.0,8100.0,4.0,132.0,19.0,500.0,540.0,4356.0,627.0,16500.0,17820.0,90.25,2375.0,2565.0,62500.0,67500.0,72900.0,0.0
29.3,2.0,72.0,9.5,170.0,270.0,858.49,58.6,2109.6,278.35,4981.0,7911.0,4.0,144.0,19.0,340.0,540.0,5184.0,684.0,12240.0,19440.0,90.25,1615.0,2565.0,28900.0,45900.0,72900.0,0.0
29.0,2.0,78.0,6.2,260.0,270.0,841.0,58.0,2262.0,179.8,7540.0,7830.0,4.0,156.0,12.4,520.0,540.0,6084.0,483.6,20280.0,21060.0,38.440000000000005,1612.0,1674.0,67600.0,70200.0,72900.0,2.8
27.2,2.0,86.0,0.3,200.0,0.0,739.8399999999999,54.4,2339.2,8.16,5440.0,0.0,4.0,172.0,0.6,400.0,0.0,7396.0,25.8,17200.0,0.0,0.09,60.0,0.0,40000.0,0.0,0.0,1.3
27.2,2.0,86.0,2.6,150.0,0.0,739.8399999999999,54.4,2339.2,70.72,4080.0,0.0,4.0,172.0,5.2,300.0,0.0,7396.0,223.6,12900.0,0.0,6.760000000000001,390.0,0.0,22500.0,0.0,0.0,28.3
28.5,1.0,82.0,4.1,250.0,0.0,812.25,28.5,2337.0,116.85,7125.0,0.0,1.0,82.0,4.1,250.0,0.0,6724.0,336.2,20500.0,0.0,16.81,1025.0,0.0,62500.0,0.0,0.0,43.6
28.3,2.0,82.0,0.9,210.0,270.0,800.89,56.6,2320.6,25.470000000000002,5943.0,7641.0,4.0,164.0,1.8,420.0,540.0,6724.0,73.8,17220.0,22140.0,0.81,189.0,243.0,44100.0,56700.0,72900.0,1.4
28.8,2.0,79.0,6.1,160.0,0.0,829.44,57.6,2275.2000000000003,175.68,4608.0,0.0,4.0,158.0,12.2,320.0,0.0,6241.0,481.9,12640.0,0.0,37.209999999999994,976.0,0.0,25600.0,0.0,0.0,25.9
29.6,1.0,76.0,7.3,240.0,0.0,876.1600000000001,29.6,2249.6,216.08,7104.0,0.0,1.0,76.0,7.3,240.0,0.0,5776.0,554.8,18240.0,0.0,53.29,1752.0,0.0,57600.0,0.0,0.0,0.0
30.1,2.0,74.0,5.9,260.0,0.0,906.0100000000001,60.2,2227.4,177.59000000000003,7826.0,0.0,4.0,148.0,11.8,520.0,0.0,5476.0,436.6,19240.0,0.0,34.81,1534.0,0.0,67600.0,0.0,0.0,11.5
29.6,2.0,74.0,7.9,160.0,180.0,876.1600000000001,59.2,2190.4,233.84000000000003,4736.0,5328.0,4.0,148.0,15.8,320.0,360.0,5476.0,584.6,11840.0,13320.0,62.410000000000004,1264.0,1422.0,25600.0,28800.0,32400.0,0.8
27.0,2.0,85.0,6.9,200.0,315.0,729.0,54.0,2295.0,186.3,5400.0,8505.0,4.0,170.0,13.8,400.0,630.0,7225.0,586.5,17000.0,26775.0,47.61000000000001,1380.0,2173.5,40000.0,63000.0,99225.0,0.0
27.7,1.0,84.0,2.3,300.0,0.0,767.29,27.7,2326.7999999999997,63.709999999999994,8310.0,0.0,1.0,84.0,2.3,300.0,0.0,7056.0,193.2,25200.0,0.0,5.289999999999999,690.0,0.0,90000.0,0.0,0.0,79.1
28.9,1.0,78.0,5.7,230.0,270.0,835.2099999999999,28.9,2254.2,164.73,6647.0,7803.0,1.0,78.0,5.7,230.0,270.0,6084.0,444.6,17940.0,21060.0,32.49,1311.0,1539.0,52900.0,62100.0,72900.0,12.9
27.2,2.0,87.0,6.8,260.0,0.0,739.8399999999999,54.4,2366.4,184.95999999999998,7072.0,0.0,4.0,174.0,13.6,520.0,0.0,7569.0,591.6,22620.0,0.0,46.239999999999995,1768.0,0.0,67600.0,0.0,0.0,0.0
29.1,1.0,79.0,5.0,180.0,0.0,846.8100000000001,29.1,2298.9,145.5,5238.0,0.0,1.0,79.0,5.0,180.0,0.0,6241.0,395.0,14220.0,0.0,25.0,900.0,0.0,32400.0,0.0,0.0,13.6
26.6,1.0,90.0,6.4,200.0,0.0,707.5600000000001,26.6,2394.0,170.24,5320.0,0.0,1.0,90.0,6.4,200.0,0.0,8100.0,576.0,18000.0,0.0,40.96000000000001,1280.0,0.0,40000.0,0.0,0.0,2.2
28.6,1.0,82.0,2.1,130.0,0.0,817.96,28.6,2345.2000000000003,60.06,3718.0,0.0,1.0,82.0,2.1,130.0,0.0,6724.0,172.20000000000002,10660.0,0.0,4.41,273.0,0.0,16900.0,0.0,0.0,52.2
26.7,1.0,92.0,5.5,90.0,90.0,712.89,26.7,2456.4,146.85,2403.0,2403.0,1.0,92.0,5.5,90.0,90.0,8464.0,506.0,8280.0,8280.0,30.25,495.0,495.0,8100.0,8100.0,8100.0,0.8
29.7,2.0,77.0,0.1,190.0,225.0,882.0899999999999,59.4,2286.9,2.97,5643.0,6682.5,4.0,154.0,0.2,380.0,450.0,5929.0,7.7,14630.0,17325.0,0.010000000000000002,19.0,22.5,36100.0,42750.0,50625.0,17.5
29.9,2.0,74.0,6.3,130.0,135.0,894.0099999999999,59.8,2212.6,188.36999999999998,3887.0,4036.5,4.0,148.0,12.6,260.0,270.0,5476.0,466.2,9620.0,9990.0,39.69,819.0,850.5,16900.0,17550.0,18225.0,8.7
29.2,2.0,80.0,8.2,260.0,0.0,852.64,58.4,2336.0,239.43999999999997,7592.0,0.0,4.0,160.0,16.4,520.0,0.0,6400.0,656.0,20800.0,0.0,67.24,2132.0,0.0,67600.0,0.0,0.0,0.4
30.1,1.0,71.0,8.4,170.0,0.0,906.0100000000001,30.1,2137.1,252.84000000000003,5117.0,0.0,1.0,71.0,8.4,170.0,0.0,5041.0,596.4,12070.0,0.0,70.56,1428.0,0.0,28900.0,0.0,0.0,3.4
29.5,1.0,74.0,9.0,150.0,0.0,870.25,29.5,2183.0,265.5,4425.0,0.0,1.0,74.0,9.0,150.0,0.0,5476.0,666.0,11100.0,0.0,81.0,1350.0,0.0,22500.0,0.0,0.0,0.0
29.5,2.0,76.0,4.5,250.0,270.0,870.25,59.0,2242.0,132.75,7375.0,7965.0,4.0,152.0,9.0,500.0,540.0,5776.0,342.0,19000.0,20520.0,20.25,1125.0,1215.0,62500.0,67500.0,72900.0,0.0
29.4,1.0,74.0,6.6,260.0,0.0,864.3599999999999,29.4,2175.6,194.04,7644.0,0.0,1.0,74.0,6.6,260.0,0.0,5476.0,488.4,19240.0,0.0,43.559999999999995,1716.0,0.0,67600.0,0.0,0.0,0.9
28.2,2.0,71.0,10.3,240.0,225.0,795.24,56.4,2002.2,290.46000000000004,6768.0,6345.0,4.0,142.0,20.6,480.0,450.0,5041.0,731.3000000000001,17040.0,15975.0,106.09000000000002,2472.0,2317.5,57600.0,54000.0,50625.0,0.0
28.7,2.0,67.0,5.7,210.0,225.0,823.6899999999999,57.4,1922.8999999999999,163.59,6027.0,6457.5,4.0,134.0,11.4,420.0,450.0,4489.0,381.90000000000003,14070.0,15075.0,32.49,1197.0,1282.5,44100.0,47250.0,50625.0,0.0
28.6,2.0,71.0,7.2,250.0,225.0,817.96,57.2,2030.6000000000001,205.92000000000002,7150.0,6435.0,4.0,142.0,14.4,500.0,450.0,5041.0,511.2,17750.0,15975.0,51.84,1800.0,1620.0,62500.0,56250.0,50625.0,0.0
29.6,1.0,74.0,6.9,250.0,0.0,876.1600000000001,29.6,2190.4,204.24,7400.0,0.0,1.0,74.0,6.9,250.0,0.0,5476.0,510.6,18500.0,0.0,47.61000000000001,1725.0,0.0,62500.0,0.0,0.0,0.0
29.3,1.0,76.0,7.5,280.0,0.0,858.49,29.3,2226.8,219.75,8204.0,0.0,1.0,76.0,7.5,280.0,0.0,5776.0,570.0,21280.0,0.0,56.25,2100.0,0.0,78400.0,0.0,0.0,0.0
29.6,1.0,69.0,7.4,280.0,0.0,876.1600000000001,29.6,2042.4,219.04000000000002,8288.0,0.0,1.0,69.0,7.4,280.0,0.0,4761.0,510.6,19320.0,0.0,54.760000000000005,2072.0,0.0,78400.0,0.0,0.0,0.2
28.9,2.0,63.0,7.8,160.0,180.0,835.2099999999999,57.8,1820.6999999999998,225.42,4624.0,5202.0,4.0,126.0,15.6,320.0,360.0,3969.0,491.4,10080.0,11340.0,60.839999999999996,1248.0,1404.0,25600.0,28800.0,32400.0,0.0
27.5,1.0,84.0,5.4,170.0,0.0,756.25,27.5,2310.0,148.5,4675.0,0.0,1.0,84.0,5.4,170.0,0.0,7056.0,453.6,14280.0,0.0,29.160000000000004,918.0000000000001,0.0,28900.0,0.0,0.0,2.8
27.6,1.0,84.0,2.3,270.0,270.0,761.7600000000001,27.6,2318.4,63.48,7452.0,7452.0,1.0,84.0,2.3,270.0,270.0,7056.0,193.2,22680.0,22680.0,5.289999999999999,621.0,621.0,72900.0,72900.0,72900.0,3.8
29.2,2.0,77.0,7.6,270.0,270.0,852.64,58.4,2248.4,221.92,7884.0,7884.0,4.0,154.0,15.2,540.0,540.0,5929.0,585.1999999999999,20790.0,20790.0,57.76,2052.0,2052.0,72900.0,72900.0,72900.0,0.0
29.5,2.0,67.0,3.8,180.0,135.0,870.25,59.0,1976.5,112.1,5310.0,3982.5,4.0,134.0,7.6,360.0,270.0,4489.0,254.6,12060.0,9045.0,14.44,684.0,513.0,32400.0,24300.0,18225.0,0.0
29.3,2.0,68.0,10.2,210.0,225.0,858.49,58.6,1992.4,298.86,6153.0,6592.5,4.0,136.0,20.4,420.0,450.0,4624.0,693.5999999999999,14280.0,15300.0,104.03999999999999,2142.0,2295.0,44100.0,47250.0,50625.0,0.0
28.8,2.0,72.0,9.2,280.0,225.0,829.44,57.6,2073.6,264.96,8064.0,6480.0,4.0,144.0,18.4,560.0,450.0,5184.0,662.4,20160.0,16200.0,84.63999999999999,2576.0,2070.0,78400.0,63000.0,50625.0,0.0
28.8,1.0,72.0,7.1,90.0,0.0,829.44,28.8,2073.6,204.48,2592.0,0.0,1.0,72.0,7.1,90.0,0.0,5184.0,511.2,6480.0,0.0,50.41,639.0,0.0,8100.0,0.0,0.0,0.0
27.7,1.0,82.0,8.1,210.0,0.0,767.29,27.7,2271.4,224.36999999999998,5817.0,0.0,1.0,82.0,8.1,210.0,0.0,6724.0,664.1999999999999,17220.0,0.0,65.61,1701.0,0.0,44100.0,0.0,0.0,0.0
28.2,2.0,74.0,2.3,270.0,270.0,795.24,56.4,2086.7999999999997,64.86,7614.0,7614.0,4.0,148.0,4.6,540.0,540.0,5476.0,170.2,19980.0,19980.0,5.289999999999999,621.0,621.0,72900.0,72900.0,72900.0,16.3
28.6,2.0,78.0,6.6,270.0,270.0,817.96,57.2,2230.8,188.76,7722.0,7722.0,4.0,156.0,13.2,540.0,540.0,6084.0,514.8,21060.0,21060.0,43.559999999999995,1782.0,1782.0,72900.0,72900.0,72900.0,0.0
29.1,2.0,68.0,9.7,110.0,270.0,846.8100000000001,58.2,1978.8000000000002,282.27,3201.0,7857.0,4.0,136.0,19.4,220.0,540.0,4624.0,659.5999999999999,7480.0,18360.0,94.08999999999999,1067.0,2619.0,12100.0,29700.0,72900.0,0.0
29.4,2.0,71.0,8.8,100.0,180.0,864.3599999999999,58.8,2087.4,258.72,2940.0,5292.0,4.0,142.0,17.6,200.0,360.0,5041.0,624.8000000000001,7100.0,12780.0,77.44000000000001,880.0000000000001,1584.0000000000002,10000.0,18000.0,32400.0,0.0
27.9,2.0,71.0,6.5,280.0,270.0,778.41,55.8,1980.8999999999999,181.35,7812.0,7533.0,4.0,142.0,13.0,560.0,540.0,5041.0,461.5,19880.0,19170.0,42.25,1820.0,1755.0,78400.0,75600.0,72900.0,0.0
28.2,2.0,68.0,7.7,210.0,270.0,795.24,56.4,1917.6,217.14,5922.0,7614.0,4.0,136.0,15.4,420.0,540.0,4624.0,523.6,14280.0,18360.0,59.290000000000006,1617.0,2079.0,44100.0,56700.0,72900.0,0.0
27.9,2.0,69.0,7.3,190.0,180.0,778.41,55.8,1925.1,203.67,5301.0,5022.0,4.0,138.0,14.6,380.0,360.0,4761.0,503.7,13110.0,12420.0,53.29,1387.0,1314.0,36100.0,34200.0,32400.0,0.0
27.9,2.0,72.0,4.5,150.0,135.0,778.41,55.8,2008.8,125.55,4185.0,3766.5,4.0,144.0,9.0,300.0,270.0,5184.0,324.0,10800.0,9720.0,20.25,675.0,607.5,22500.0,20250.0,18225.0,0.0
27.9,2.0,72.0,1.6,140.0,135.0,778.41,55.8,2008.8,44.64,3906.0,3766.5,4.0,144.0,3.2,280.0,270.0,5184.0,115.2,10080.0,9720.0,2.5600000000000005,224.0,216.0,19600.0,18900.0,18225.0,0.0
28.2,1.0,74.0,1.0,200.0,270.0,795.24,28.2,2086.7999999999997,28.2,5640.0,7614.0,1.0,74.0,1.0,200.0,270.0,5476.0,74.0,14800.0,19980.0,1.0,200.0,270.0,40000.0,54000.0,72900.0,0.0
29.4,1.0,70.0,4.9,200.0,90.0,864.3599999999999,29.4,2058.0,144.06,5880.0,2646.0,1.0,70.0,4.9,200.0,90.0,4900.0,343.0,14000.0,6300.0,24.010000000000005,980.0000000000001,441.00000000000006,40000.0,18000.0,8100.0,0.0
29.1,1.0,76.0,5.4,120.0,0.0,846.8100000000001,29.1,2211.6,157.14000000000001,3492.0,0.0,1.0,76.0,5.4,120.0,0.0,5776.0,410.40000000000003,9120.0,0.0,29.160000000000004,648.0,0.0,14400.0,0.0,0.0,12.0
28.4,2.0,79.0,4.3,190.0,180.0,806.56,56.8,2243.6,122.11999999999999,5396.0,5112.0,4.0,158.0,8.6,380.0,360.0,6241.0,339.7,15010.0,14220.0,18.49,817.0,774.0,36100.0,34200.0,32400.0,16.5
28.8,2.0,72.0,4.9,140.0,180.0,829.44,57.6,2073.6,141.12,4032.0,5184.0,4.0,144.0,9.8,280.0,360.0,5184.0,352.8,10080.0,12960.0,24.010000000000005,686.0,882.0000000000001,19600.0,25200.0,32400.0,0.0
28.6,2.0,72.0,6.3,250.0,270.0,817.96,57.2,2059.2000000000003,180.18,7150.0,7722.0,4.0,144.0,12.6,500.0,540.0,5184.0,453.59999999999997,18000.0,19440.0,39.69,1575.0,1701.0,62500.0,67500.0,72900.0,0.0
28.0,1.0,77.0,8.7,270.0,270.0,784.0,28.0,2156.0,243.59999999999997,7560.0,7560.0,1.0,77.0,8.7,270.0,270.0,5929.0,669.9,20790.0,20790.0,75.68999999999998,2349.0,2349.0,72900.0,72900.0,72900.0,0.0
25.8,2.0,88.0,6.6,160.0,180.0,665.64,51.6,2270.4,170.28,4128.0,4644.0,4.0,176.0,13.2,320.0,360.0,7744.0,580.8,14080.0,15840.0,43.559999999999995,1056.0,1188.0,25600.0,28800.0,32400.0,14.6
28.1,1.0,76.0,0.5,150.0,0.0,789.6100000000001,28.1,2135.6,14.05,4215.0,0.0,1.0,76.0,0.5,150.0,0.0,5776.0,38.0,11400.0,0.0,0.25,75.0,0.0,22500.0,0.0,0.0,4.7
28.1,3.0,72.0,6.9,360.0,0.0,789.6100000000001,84.30000000000001,2023.2,193.89000000000001,10116.0,0.0,9.0,216.0,20.700000000000003,1080.0,0.0,5184.0,496.8,25920.0,0.0,47.61000000000001,2484.0,0.0,129600.0,0.0,0.0,0.0
25.0,1.0,79.0,7.0,240.0,0.0,625.0,25.0,1975.0,175.0,6000.0,0.0,1.0,79.0,7.0,240.0,0.0,6241.0,553.0,18960.0,0.0,49.0,1680.0,0.0,57600.0,0.0,0.0,0.0
25.6,2.0,79.0,8.0,200.0,225.0,655.3600000000001,51.2,2022.4,204.8,5120.0,5760.0,4.0,158.0,16.0,400.0,450.0,6241.0,632.0,15800.0,17775.0,64.0,1600.0,1800.0,40000.0,45000.0,50625.0,0.0
25.4,2.0,74.0,7.6,120.0,180.0,645.16,50.8,1879.6,193.04,3048.0,4572.0,4.0,148.0,15.2,240.0,360.0,5476.0,562.4,8880.0,13320.0,57.76,912.0,1368.0,14400.0,21600.0,32400.0,0.0
25.3,2.0,74.0,8.0,130.0,180.0,640.09,50.6,1872.2,202.4,3289.0,4554.0,4.0,148.0,16.0,260.0,360.0,5476.0,592.0,9620.0,13320.0,64.0,1040.0,1440.0,16900.0,23400.0,32400.0,0.0
24.6,2.0,77.0,8.0,220.0,180.0,605.1600000000001,49.2,1894.2,196.8,5412.0,4428.0,4.0,154.0,16.0,440.0,360.0,5929.0,616.0,16940.0,13860.0,64.0,1760.0,1440.0,48400.0,39600.0,32400.0,0.0
24.1,2.0,74.0,7.5,130.0,270.0,580.8100000000001,48.2,1783.4,180.75,3133.0,6507.0,4.0,148.0,15.0,260.0,540.0,5476.0,555.0,9620.0,19980.0,56.25,975.0,2025.0,16900.0,35100.0,72900.0,0.0
24.3,2.0,74.0,8.0,180.0,180.0,590.49,48.6,1798.2,194.4,4374.0,4374.0,4.0,148.0,16.0,360.0,360.0,5476.0,592.0,13320.0,13320.0,64.0,1440.0,1440.0,32400.0,32400.0,32400.0,0.0
24.6,2.0,77.0,8.0,280.0,270.0,605.1600000000001,49.2,1894.2,196.8,6888.0,6642.0,4.0,154.0,16.0,560.0,540.0,5929.0,616.0,21560.0,20790.0,64.0,2240.0,2160.0,78400.0,75600.0,72900.0,0.0
25.7,2.0,80.0,8.0,260.0,270.0,660.49,51.4,2056.0,205.6,6682.0,6939.0,4.0,160.0,16.0,520.0,540.0,6400.0,640.0,20800.0,21600.0,64.0,2080.0,2160.0,67600.0,70200.0,72900.0,0.0
25.6,2.0,79.0,8.0,210.0,270.0,655.3600000000001,51.2,2022.4,204.8,5376.0,6912.0,4.0,158.0,16.0,420.0,540.0,6241.0,632.0,16590.0,21330.0,64.0,1680.0,2160.0,44100.0,56700.0,72900.0,0.0
26.1,2.0,72.0,5.9,220.0,180.0,681.21,52.2,1879.2,153.99,5742.0,4698.0,4.0,144.0,11.8,440.0,360.0,5184.0,424.8,15840.0,12960.0,34.81,1298.0,1062.0,48400.0,39600.0,32400.0,0.0
24.3,2.0,76.0,8.0,300.0,270.0,590.49,48.6,1846.8,194.4,7290.0,6561.0,4.0,152.0,16.0,600.0,540.0,5776.0,608.0,22800.0,20520.0,64.0,2400.0,2160.0,90000.0,81000.0,72900.0,0.0
24.6,3.0,75.0,8.0,260.0,270.0,605.1600000000001,73.80000000000001,1845.0,196.8,6396.0,6642.0,9.0,225.0,24.0,780.0,810.0,5625.0,600.0,19500.0,20250.0,64.0,2080.0,2160.0,67600.0,70200.0,72900.0,0.0
24.5,2.0,81.0,8.0,270.0,225.0,600.25,49.0,1984.5,196.0,6615.0,5512.5,4.0,162.0,16.0,540.0,450.0,6561.0,648.0,21870.0,18225.0,64.0,2160.0,1800.0,72900.0,60750.0,50625.0,0.0
25.4,3.0,80.0,8.0,270.0,270.0,645.16,76.19999999999999,2032.0,203.2,6858.0,6858.0,9.0,240.0,24.0,810.0,810.0,6400.0,640.0,21600.0,21600.0,64.0,2160.0,2160.0,72900.0,72900.0,72900.0,0.0
24.9,3.0,81.0,7.2,260.0,225.0,620.0099999999999,74.69999999999999,2016.8999999999999,179.28,6474.0,5602.5,9.0,243.0,21.6,780.0,675.0,6561.0,583.2,21060.0,18225.0,51.84,1872.0,1620.0,67600.0,58500.0,50625.0,0.0
25.0,2.0,76.0,7.9,230.0,270.0,625.0,50.0,1900.0,197.5,5750.0,6750.0,4.0,152.0,15.8,460.0,540.0,5776.0,600.4,17480.0,20520.0,62.410000000000004,1817.0,2133.0,52900.0,62100.0,72900.0,0.0
25.6,2.0,78.0,7.2,280.0,270.0,655.3600000000001,51.2,1996.8000000000002,184.32000000000002,7168.0,6912.0,4.0,156.0,14.4,560.0,540.0,6084.0,561.6,21840.0,21060.0,51.84,2016.0,1944.0,78400.0,75600.0,72900.0,0.0
26.2,2.0,75.0,8.0,230.0,225.0,686.4399999999999,52.4,1965.0,209.6,6026.0,5895.0,4.0,150.0,16.0,460.0,450.0,5625.0,600.0,17250.0,16875.0,64.0,1840.0,1800.0,52900.0,51750.0,50625.0,0.0
25.7,2.0,79.0,8.0,210.0,270.0,660.49,51.4,2030.3,205.6,5397.0,6939.0,4.0,158.0,16.0,420.0,540.0,6241.0,632.0,16590.0,21330.0,64.0,1680.0,2160.0,44100.0,56700.0,72900.0,0.0
25.6,1.0,81.0,5.1,250.0,270.0,655.3600000000001,25.6,2073.6,130.56,6400.0,6912.0,1.0,81.0,5.1,250.0,270.0,6561.0,413.09999999999997,20250.0,21870.0,26.009999999999998,1275.0,1377.0,62500.0,67500.0,72900.0,0.0
25.7,2.0,81.0,3.1,260.0,270.0,660.49,51.4,2081.7,79.67,6682.0,6939.0,4.0,162.0,6.2,520.0,540.0,6561.0,251.1,21060.0,21870.0,9.610000000000001,806.0,837.0,67600.0,70200.0,72900.0,0.0
25.6,2.0,83.0,7.1,290.0,270.0,655.3600000000001,51.2,2124.8,181.76,7424.0,6912.0,4.0,166.0,14.2,580.0,540.0,6889.0,589.3,24070.0,22410.0,50.41,2059.0,1917.0,84100.0,78300.0,72900.0,0.0
26.5,2.0,83.0,5.8,290.0,180.0,702.25,53.0,2199.5,153.7,7685.0,4770.0,4.0,166.0,11.6,580.0,360.0,6889.0,481.4,24070.0,14940.0,33.64,1682.0,1044.0,84100.0,52200.0,32400.0,10.0
26.8,3.0,83.0,3.7,250.0,270.0,718.24,80.4,2224.4,99.16000000000001,6700.0,7236.0,9.0,249.0,11.100000000000001,750.0,810.0,6889.0,307.1,20750.0,22410.0,13.690000000000001,925.0,999.0,62500.0,67500.0,72900.0,0.0
26.2,2.0,83.0,6.1,300.0,315.0,686.4399999999999,52.4,2174.6,159.82,7860.0,8253.0,4.0,166.0,12.2,600.0,630.0,6889.0,506.29999999999995,24900.0,26145.0,37.209999999999994,1830.0,1921.5,90000.0,94500.0,99225.0,0.0
26.7,2.0,77.0,7.3,220.0,180.0,712.89,53.4,2055.9,194.91,5874.0,4806.0,4.0,154.0,14.6,440.0,360.0,5929.0,562.1,16940.0,13860.0,53.29,1606.0,1314.0,48400.0,39600.0,32400.0,0.0
26.1,2.0,75.0,8.0,280.0,270.0,681.21,52.2,1957.5,208.8,7308.0,7047.0,4.0,150.0,16.0,560.0,540.0,5625.0,600.0,21000.0,20250.0,64.0,2240.0,2160.0,78400.0,75600.0,72900.0,0.0
25.8,2.0,75.0,8.0,260.0,270.0,665.64,51.6,1935.0,206.4,6708.0,6966.0,4.0,150.0,16.0,520.0,540.0,5625.0,600.0,19500.0,20250.0,64.0,2080.0,2160.0,67600.0,70200.0,72900.0,0.0
25.0,3.0,80.0,7.8,230.0,270.0,625.0,75.0,2000.0,195.0,5750.0,6750.0,9.0,240.0,23.4,690.0,810.0,6400.0,624.0,18400.0,21600.0,60.839999999999996,1794.0,2106.0,52900.0,62100.0,72900.0,0.0
26.2,2.0,81.0,4.2,100.0,180.0,686.4399999999999,52.4,2122.2,110.04,2620.0,4716.0,4.0,162.0,8.4,200.0,360.0,6561.0,340.2,8100.0,14580.0,17.64,420.0,756.0,10000.0,18000.0,32400.0,0.0
26.4,2.0,79.0,2.3,200.0,180.0,696.9599999999999,52.8,2085.6,60.71999999999999,5280.0,4752.0,4.0,158.0,4.6,400.0,360.0,6241.0,181.7,15800.0,14220.0,5.289999999999999,459.99999999999994,413.99999999999994,40000.0,36000.0,32400.0,0.0
26.3,2.0,83.0,8.0,290.0,270.0,691.69,52.6,2182.9,210.4,7627.0,7101.0,4.0,166.0,16.0,580.0,540.0,6889.0,664.0,24070.0,22410.0,64.0,2320.0,2160.0,84100.0,78300.0,72900.0,0.0
25.3,3.0,75.0,6.8,200.0,270.0,640.09,75.9,1897.5,172.04,5060.0,6831.0,9.0,225.0,20.4,600.0,810.0,5625.0,510.0,15000.0,20250.0,46.239999999999995,1360.0,1836.0,40000.0,54000.0,72900.0,0.0
24.6,2.0,67.0,7.3,220.0,270.0,605.1600000000001,49.2,1648.2,179.58,5412.0,6642.0,4.0,134.0,14.6,440.0,540.0,4489.0,489.09999999999997,14740.0,18090.0,53.29,1606.0,1971.0,48400.0,59400.0,72900.0,0.0
24.6,3.0,69.0,8.0,230.0,270.0,605.1600000000001,73.80000000000001,1697.4,196.8,5658.0,6642.0,9.0,207.0,24.0,690.0,810.0,4761.0,552.0,15870.0,18630.0,64.0,1840.0,2160.0,52900.0,62100.0,72900.0,0.0
24.8,3.0,76.0,8.0,280.0,270.0,615.0400000000001,74.4,1884.8,198.4,6944.0,6696.0,9.0,228.0,24.0,840.0,810.0,5776.0,608.0,21280.0,20520.0,64.0,2240.0,2160.0,78400.0,75600.0,72900.0,0.0
24.6,3.0,76.0,8.0,230.0,225.0,605.1600000000001,73.80000000000001,1869.6000000000001,196.8,5658.0,5535.0,9.0,228.0,24.0,690.0,675.0,5776.0,608.0,17480.0,17100.0,64.0,1840.0,1800.0,52900.0,51750.0,50625.0,0.0
24.3,2.0,75.0,8.0,260.0,270.0,590.49,48.6,1822.5,194.4,6318.0,6561.0,4.0,150.0,16.0,520.0,540.0,5625.0,600.0,19500.0,20250.0,64.0,2080.0,2160.0,67600.0,70200.0,72900.0,0.0
25.3,2.0,76.0,8.0,250.0,270.0,640.09,50.6,1922.8,202.4,6325.0,6831.0,4.0,152.0,16.0,500.0,540.0,5776.0,608.0,19000.0,20520.0,64.0,2000.0,2160.0,62500.0,67500.0,72900.0,0.0
24.8,3.0,79.0,8.0,210.0,270.0,615.0400000000001,74.4,1959.2,198.4,5208.0,6696.0,9.0,237.0,24.0,630.0,810.0,6241.0,632.0,16590.0,21330.0,64.0,1680.0,2160.0,44100.0,56700.0,72900.0,0.0
24.8,2.0,78.0,8.0,180.0,270.0,615.0400000000001,49.6,1934.4,198.4,4464.0,6696.0,4.0,156.0,16.0,360.0,540.0,6084.0,624.0,14040.0,21060.0,64.0,1440.0,2160.0,32400.0,48600.0,72900.0,0.0
26.3,2.0,70.0,8.0,280.0,270.0,691.69,52.6,1841.0,210.4,7364.0,7101.0,4.0,140.0,16.0,560.0,540.0,4900.0,560.0,19600.0,18900.0,64.0,2240.0,2160.0,78400.0,75600.0,72900.0,0.0
25.9,3.0,76.0,8.0,330.0,270.0,670.81,77.69999999999999,1968.3999999999999,207.2,8547.0,6993.0,9.0,228.0,24.0,990.0,810.0,5776.0,608.0,25080.0,20520.0,64.0,2640.0,2160.0,108900.0,89100.0,72900.0,0.0
24.5,2.0,83.0,8.0,280.0,270.0,600.25,49.0,2033.5,196.0,6860.0,6615.0,4.0,166.0,16.0,560.0,540.0,6889.0,664.0,23240.0,22410.0,64.0,2240.0,2160.0,78400.0,75600.0,72900.0,0.0
25.2,3.0,80.0,5.5,260.0,270.0,635.04,75.6,2016.0,138.6,6552.0,6804.0,9.0,240.0,16.5,780.0,810.0,6400.0,440.0,20800.0,21600.0,30.25,1430.0,1485.0,67600.0,70200.0,72900.0,0.0
26.2,3.0,77.0,5.5,160.0,180.0,686.4399999999999,78.6,2017.3999999999999,144.1,4192.0,4716.0,9.0,231.0,16.5,480.0,540.0,5929.0,423.5,12320.0,13860.0,30.25,880.0,990.0,25600.0,28800.0,32400.0,0.0
25.3,3.0,80.0,8.0,200.0,270.0,640.09,75.9,2024.0,202.4,5060.0,6831.0,9.0,240.0,24.0,600.0,810.0,6400.0,640.0,16000.0,21600.0,64.0,1600.0,2160.0,40000.0,54000.0,72900.0,0.0
26.5,2.0,78.0,7.2,160.0,0.0,702.25,53.0,2067.0,190.8,4240.0,0.0,4.0,156.0,14.4,320.0,0.0,6084.0,561.6,12480.0,0.0,51.84,1152.0,0.0,25600.0,0.0,0.0,0.0
25.1,3.0,82.0,7.6,200.0,270.0,630.0100000000001,75.30000000000001,2058.2000000000003,190.76,5020.0,6777.0,9.0,246.0,22.799999999999997,600.0,810.0,6724.0,623.1999999999999,16400.0,22140.0,57.76,1520.0,2052.0,40000.0,54000.0,72900.0,0.0
25.4,3.0,83.0,5.5,220.0,270.0,645.16,76.19999999999999,2108.2,139.7,5588.0,6858.0,9.0,249.0,16.5,660.0,810.0,6889.0,456.5,18260.0,22410.0,30.25,1210.0,1485.0,48400.0,59400.0,72900.0,0.0
25.1,2.0,81.0,5.5,240.0,270.0,630.0100000000001,50.2,2033.1000000000001,138.05,6024.0,6777.0,4.0,162.0,11.0,480.0,540.0,6561.0,445.5,19440.0,21870.0,30.25,1320.0,1485.0,57600.0,64800.0,72900.0,0.0
25.5,3.0,80.0,8.0,260.0,270.0,650.25,76.5,2040.0,204.0,6630.0,6885.0,9.0,240.0,24.0,780.0,810.0,6400.0,640.0,20800.0,21600.0,64.0,2080.0,2160.0,67600.0,70200.0,72900.0,0.0
25.9,2.0,81.0,2.4,240.0,270.0,670.81,51.8,2097.9,62.16,6216.0,6993.0,4.0,162.0,4.8,480.0,540.0,6561.0,194.4,19440.0,21870.0,5.76,576.0,648.0,57600.0,64800.0,72900.0,0.0
26.0,2.0,78.0,1.5,210.0,270.0,676.0,52.0,2028.0,39.0,5460.0,7020.0,4.0,156.0,3.0,420.0,540.0,6084.0,117.0,16380.0,21060.0,2.25,315.0,405.0,44100.0,56700.0,72900.0,0.0
26.5,2.0,77.0,8.0,270.0,225.0,702.25,53.0,2040.5,212.0,7155.0,5962.5,4.0,154.0,16.0,540.0,450.0,5929.0,616.0,20790.0,17325.0,64.0,2160.0,1800.0,72900.0,60750.0,50625.0,0.0
25.9,3.0,85.0,8.0,280.0,270.0,670.81,77.69999999999999,2201.5,207.2,7252.0,6993.0,9.0,255.0,24.0,840.0,810.0,7225.0,680.0,23800.0,22950.0,64.0,2240.0,2160.0,78400.0,75600.0,72900.0,0.0
27.4,2.0,80.0,5.8,270.0,270.0,750.7599999999999,54.8,2192.0,158.92,7398.0,7398.0,4.0,160.0,11.6,540.0,540.0,6400.0,464.0,21600.0,21600.0,33.64,1566.0,1566.0,72900.0,72900.0,72900.0,0.0
27.6,3.0,71.0,4.1,230.0,225.0,761.7600000000001,82.80000000000001,1959.6000000000001,113.16,6348.0,6210.0,9.0,213.0,12.299999999999999,690.0,675.0,5041.0,291.09999999999997,16330.0,15975.0,16.81,942.9999999999999,922.4999999999999,52900.0,51750.0,50625.0,0.0
27.1,3.0,77.0,8.0,100.0,180.0,734.4100000000001,81.30000000000001,2086.7000000000003,216.8,2710.0,4878.0,9.0,231.0,24.0,300.0,540.0,5929.0,616.0,7700.0,13860.0,64.0,800.0,1440.0,10000.0,18000.0,32400.0,0.0
26.6,2.0,83.0,4.1,240.0,270.0,707.5600000000001,53.2,2207.8,109.06,6384.0,7182.0,4.0,166.0,8.2,480.0,540.0,6889.0,340.29999999999995,19920.0,22410.0,16.81,983.9999999999999,1107.0,57600.0,64800.0,72900.0,12.0
26.2,2.0,85.0,6.8,240.0,270.0,686.4399999999999,52.4,2227.0,178.16,6288.0,7074.0,4.0,170.0,13.6,480.0,540.0,7225.0,578.0,20400.0,22950.0,46.239999999999995,1632.0,1836.0,57600.0,64800.0,72900.0,0.6
26.7,2.0,82.0,3.4,210.0,0.0,712.89,53.4,2189.4,90.78,5607.0,0.0,4.0,164.0,6.8,420.0,0.0,6724.0,278.8,17220.0,0.0,11.559999999999999,714.0,0.0,44100.0,0.0,0.0,3.2
26.3,3.0,80.0,6.1,290.0,270.0,691.69,78.9,2104.0,160.43,7627.0,7101.0,9.0,240.0,18.299999999999997,870.0,810.0,6400.0,488.0,23200.0,21600.0,37.209999999999994,1769.0,1647.0,84100.0,78300.0,72900.0,0.0
25.9,3.0,80.0,8.0,240.0,270.0,670.81,77.69999999999999,2072.0,207.2,6216.0,6993.0,9.0,240.0,24.0,720.0,810.0,6400.0,640.0,19200.0,21600.0,64.0,1920.0,2160.0,57600.0,64800.0,72900.0,0.0
25.8,3.0,80.0,8.0,260.0,270.0,665.64,77.4,2064.0,206.4,6708.0,6966.0,9.0,240.0,24.0,780.0,810.0,6400.0,640.0,20800.0,21600.0,64.0,2080.0,2160.0,67600.0,70200.0,72900.0,0.0
26.5,3.0,78.0,8.0,270.0,270.0,702.25,79.5,2067.0,212.0,7155.0,7155.0,9.0,234.0,24.0,810.0,810.0,6084.0,624.0,21060.0,21060.0,64.0,2160.0,2160.0,72900.0,72900.0,72900.0,0.0
26.0,3.0,80.0,8.0,240.0,225.0,676.0,78.0,2080.0,208.0,6240.0,5850.0,9.0,240.0,24.0,720.0,675.0,6400.0,640.0,19200.0,18000.0,64.0,1920.0,1800.0,57600.0,54000.0,50625.0,0.0
25.1,3.0,81.0,8.0,230.0,270.0,630.0100000000001,75.30000000000001,2033.1000000000001,200.8,5773.0,6777.0,9.0,243.0,24.0,690.0,810.0,6561.0,648.0,18630.0,21870.0,64.0,1840.0,2160.0,52900.0,62100.0,72900.0,0.0
25.7,3.0,76.0,8.0,200.0,225.0,660.49,77.1,1953.2,205.6,5140.0,5782.5,9.0,228.0,24.0,600.0,675.0,5776.0,608.0,15200.0,17100.0,64.0,1600.0,1800.0,40000.0,45000.0,50625.0,0.0
26.0,3.0,75.0,8.0,220.0,225.0,676.0,78.0,1950.0,208.0,5720.0,5850.0,9.0,225.0,24.0,660.0,675.0,5625.0,600.0,16500.0,16875.0,64.0,1760.0,1800.0,48400.0,49500.0,50625.0,0.0
26.5,2.0,72.0,8.0,290.0,270.0,702.25,53.0,1908.0,212.0,7685.0,7155.0,4.0,144.0,16.0,580.0,540.0,5184.0,576.0,20880.0,19440.0,64.0,2320.0,2160.0,84100.0,78300.0,72900.0,0.0
27.0,2.0,75.0,8.0,240.0,0.0,729.0,54.0,2025.0,216.0,6480.0,0.0,4.0,150.0,16.0,480.0,0.0,5625.0,600.0,18000.0,0.0,64.0,1920.0,0.0,57600.0,0.0,0.0,0.0
27.5,2.0,77.0,7.0,250.0,270.0,756.25,55.0,2117.5,192.5,6875.0,7425.0,4.0,154.0,14.0,500.0,540.0,5929.0,539.0,19250.0,20790.0,49.0,1750.0,1890.0,62500.0,67500.0,72900.0,0.0
27.9,2.0,79.0,4.6,240.0,0.0,778.41,55.8,2204.1,128.33999999999997,6696.0,0.0,4.0,158.0,9.2,480.0,0.0,6241.0,363.4,18960.0,0.0,21.159999999999997,1104.0,0.0,57600.0,0.0,0.0,0.0
26.9,2.0,86.0,1.6,290.0,225.0,723.6099999999999,53.8,2313.4,43.04,7801.0,6052.5,4.0,172.0,3.2,580.0,450.0,7396.0,137.6,24940.0,19350.0,2.5600000000000005,464.0,360.0,84100.0,65250.0,50625.0,6.0
26.8,2.0,80.0,0.0,260.0,0.0,718.24,53.6,2144.0,0.0,6968.0,0.0,4.0,160.0,0.0,520.0,0.0,6400.0,0.0,20800.0,0.0,0.0,0.0,0.0,67600.0,0.0,0.0,14.4
26.9,2.0,82.0,6.1,250.0,0.0,723.6099999999999,53.8,2205.7999999999997,164.08999999999997,6725.0,0.0,4.0,164.0,12.2,500.0,0.0,6724.0,500.2,20500.0,0.0,37.209999999999994,1525.0,0.0,62500.0,0.0,0.0,0.4
27.2,2.0,83.0,6.1,280.0,270.0,739.8399999999999,54.4,2257.6,165.92,7616.0,7344.0,4.0,166.0,12.2,560.0,540.0,6889.0,506.29999999999995,23240.0,22410.0,37.209999999999994,1708.0,1647.0,78400.0,75600.0,72900.0,43.1
28.2,2.0,79.0,8.0,130.0,225.0,795.24,56.4,2227.7999999999997,225.6,3666.0,6345.0,4.0,158.0,16.0,260.0,450.0,6241.0,632.0,10270.0,17775.0,64.0,1040.0,1800.0,16900.0,29250.0,50625.0,0.0
28.6,2.0,74.0,8.0,210.0,225.0,817.96,57.2,2116.4,228.8,6006.0,6435.0,4.0,148.0,16.0,420.0,450.0,5476.0,592.0,15540.0,16650.0,64.0,1680.0,1800.0,44100.0,47250.0,50625.0,0.0
28.7,2.0,73.0,8.0,110.0,180.0,823.6899999999999,57.4,2095.1,229.6,3157.0,5166.0,4.0,146.0,16.0,220.0,360.0,5329.0,584.0,8030.0,13140.0,64.0,880.0,1440.0,12100.0,19800.0,32400.0,0.0
27.7,2.0,80.0,8.0,260.0,225.0,767.29,55.4,2216.0,221.6,7202.0,6232.5,4.0,160.0,16.0,520.0,450.0,6400.0,640.0,20800.0,18000.0,64.0,2080.0,1800.0,67600.0,58500.0,50625.0,0.0
27.4,3.0,82.0,4.9,260.0,270.0,750.7599999999999,82.19999999999999,2246.7999999999997,134.26,7124.0,7398.0,9.0,246.0,14.700000000000001,780.0,810.0,6724.0,401.8,21320.0,22140.0,24.010000000000005,1274.0,1323.0,67600.0,70200.0,72900.0,6.7
27.6,2.0,82.0,7.7,200.0,180.0,761.7600000000001,55.2,2263.2000000000003,212.52,5520.0,4968.0,4.0,164.0,15.4,400.0,360.0,6724.0,631.4,16400.0,14760.0,59.290000000000006,1540.0,1386.0,40000.0,36000.0,32400.0,0.0
27.5,3.0,78.0,4.2,230.0,225.0,756.25,82.5,2145.0,115.5,6325.0,6187.5,9.0,234.0,12.600000000000001,690.0,675.0,6084.0,327.6,17940.0,17550.0,17.64,966.0,945.0,52900.0,51750.0,50625.0,0.0
27.7,2.0,80.0,8.0,230.0,225.0,767.29,55.4,2216.0,221.6,6371.0,6232.5,4.0,160.0,16.0,460.0,450.0,6400.0,640.0,18400.0,18000.0,64.0,1840.0,1800.0,52900.0,51750.0,50625.0,0.0
28.5,2.0,71.0,7.5,180.0,225.0,812.25,57.0,2023.5,213.75,5130.0,6412.5,4.0,142.0,15.0,360.0,450.0,5041.0,532.5,12780.0,15975.0,56.25,1350.0,1687.5,32400.0,40500.0,50625.0,0.0
28.2,2.0,77.0,8.0,270.0,0.0,795.24,56.4,2171.4,225.6,7614.0,0.0,4.0,154.0,16.0,540.0,0.0,5929.0,616.0,20790.0,0.0,64.0,2160.0,0.0,72900.0,0.0,0.0,0.0
27.8,2.0,78.0,7.7,180.0,225.0,772.84,55.6,2168.4,214.06,5004.0,6255.0,4.0,156.0,15.4,360.0,450.0,6084.0,600.6,14040.0,17550.0,59.290000000000006,1386.0,1732.5,32400.0,40500.0,50625.0,0.0
28.1,2.0,75.0,5.5,260.0,225.0,789.6100000000001,56.2,2107.5,154.55,7306.0,6322.5,4.0,150.0,11.0,520.0,450.0,5625.0,412.5,19500.0,16875.0,30.25,1430.0,1237.5,67600.0,58500.0,50625.0,0.0
28.2,2.0,75.0,8.0,250.0,225.0,795.24,56.4,2115.0,225.6,7050.0,6345.0,4.0,150.0,16.0,500.0,450.0,5625.0,600.0,18750.0,16875.0,64.0,2000.0,1800.0,62500.0,56250.0,50625.0,0.0
28.7,2.0,72.0,8.0,120.0,270.0,823.6899999999999,57.4,2066.4,229.6,3444.0,7749.0,4.0,144.0,16.0,240.0,540.0,5184.0,576.0,8640.0,19440.0,64.0,960.0,2160.0,14400.0,32400.0,72900.0,0.0
28.6,3.0,79.0,8.0,260.0,270.0,817.96,85.80000000000001,2259.4,228.8,7436.0,7722.0,9.0,237.0,24.0,780.0,810.0,6241.0,632.0,20540.0,21330.0,64.0,2080.0,2160.0,67600.0,70200.0,72900.0,0.0
27.9,2.0,80.0,7.3,260.0,270.0,778.41,55.8,2232.0,203.67,7254.0,7533.0,4.0,160.0,14.6,520.0,540.0,6400.0,584.0,20800.0,21600.0,53.29,1898.0,1971.0,67600.0,70200.0,72900.0,0.0
27.8,2.0,73.0,6.4,250.0,225.0,772.84,55.6,2029.4,177.92000000000002,6950.0,6255.0,4.0,146.0,12.8,500.0,450.0,5329.0,467.20000000000005,18250.0,16425.0,40.96000000000001,1600.0,1440.0,62500.0,56250.0,50625.0,5.5
26.9,3.0,76.0,5.0,240.0,225.0,723.6099999999999,80.69999999999999,2044.3999999999999,134.5,6456.0,6052.5,9.0,228.0,15.0,720.0,675.0,5776.0,380.0,18240.0,17100.0,25.0,1200.0,1125.0,57600.0,54000.0,50625.0,0.0
26.9,3.0,70.0,8.0,260.0,270.0,723.6099999999999,80.69999999999999,1883.0,215.2,6994.0,7263.0,9.0,210.0,24.0,780.0,810.0,4900.0,560.0,18200.0,18900.0,64.0,2080.0,2160.0,67600.0,70200.0,72900.0,0.0
26.9,2.0,78.0,8.0,270.0,270.0,723.6099999999999,53.8,2098.2,215.2,7263.0,7263.0,4.0,156.0,16.0,540.0,540.0,6084.0,624.0,21060.0,21060.0,64.0,2160.0,2160.0,72900.0,72900.0,72900.0,0.0
27.1,2.0,78.0,7.7,90.0,270.0,734.4100000000001,54.2,2113.8,208.67000000000002,2439.0,7317.0,4.0,156.0,15.4,180.0,540.0,6084.0,600.6,7020.0,21060.0,59.290000000000006,693.0,2079.0,8100.0,24300.0,72900.0,0.3
25.1,1.0,90.0,4.6,220.0,0.0,630.0100000000001,25.1,2259.0,115.46,5522.0,0.0,1.0,90.0,4.6,220.0,0.0,8100.0,413.99999999999994,19800.0,0.0,21.159999999999997,1011.9999999999999,0.0,48400.0,0.0,0.0,2.0
27.8,2.0,72.0,0.0,250.0,225.0,772.84,55.6,2001.6000000000001,0.0,6950.0,6255.0,4.0,144.0,0.0,500.0,450.0,5184.0,0.0,18000.0,16200.0,0.0,0.0,0.0,62500.0,56250.0,50625.0,8.5
27.1,2.0,80.0,7.8,260.0,225.0,734.4100000000001,54.2,2168.0,211.38,7046.0,6097.5,4.0,160.0,15.6,520.0,450.0,6400.0,624.0,20800.0,18000.0,60.839999999999996,2028.0,1755.0,67600.0,58500.0,50625.0,0.0
27.1,3.0,81.0,4.9,240.0,225.0,734.4100000000001,81.30000000000001,2195.1,132.79000000000002,6504.0,6097.5,9.0,243.0,14.700000000000001,720.0,675.0,6561.0,396.90000000000003,19440.0,18225.0,24.010000000000005,1176.0,1102.5,57600.0,54000.0,50625.0,4.5
27.3,2.0,76.0,8.0,230.0,225.0,745.2900000000001,54.6,2074.8,218.4,6279.0,6142.5,4.0,152.0,16.0,460.0,450.0,5776.0,608.0,17480.0,17100.0,64.0,1840.0,1800.0,52900.0,51750.0,50625.0,0.0
27.4,3.0,78.0,8.0,210.0,270.0,750.7599999999999,82.19999999999999,2137.2,219.2,5754.0,7398.0,9.0,234.0,24.0,630.0,810.0,6084.0,624.0,16380.0,21060.0,64.0,1680.0,2160.0,44100.0,56700.0,72900.0,0.0
27.3,2.0,80.0,8.0,180.0,0.0,745.2900000000001,54.6,2184.0,218.4,4914.0,0.0,4.0,160.0,16.0,360.0,0.0,6400.0,640.0,14400.0,0.0,64.0,1440.0,0.0,32400.0,0.0,0.0,0.0
28.0,3.0,78.0,6.7,220.0,270.0,784.0,84.0,2184.0,187.6,6160.0,7560.0,9.0,234.0,20.1,660.0,810.0,6084.0,522.6,17160.0,21060.0,44.89,1474.0,1809.0,48400.0,59400.0,72900.0,0.0
27.7,2.0,80.0,8.0,220.0,225.0,767.29,55.4,2216.0,221.6,6094.0,6232.5,4.0,160.0,16.0,440.0,450.0,6400.0,640.0,17600.0,18000.0,64.0,1760.0,1800.0,48400.0,49500.0,50625.0,0.0
28.1,3.0,76.0,7.0,230.0,270.0,789.6100000000001,84.30000000000001,2135.6,196.70000000000002,6463.0,7587.0,9.0,228.0,21.0,690.0,810.0,5776.0,532.0,17480.0,20520.0,49.0,1610.0,1890.0,52900.0,62100.0,72900.0,0.0
27.6,3.0,82.0,8.0,250.0,270.0,761.7600000000001,82.80000000000001,2263.2000000000003,220.8,6900.0,7452.0,9.0,246.0,24.0,750.0,810.0,6724.0,656.0,20500.0,22140.0,64.0,2000.0,2160.0,62500.0,67500.0,72900.0,0.0
28.1,2.0,82.0,5.8,270.0,270.0,789.6100000000001,56.2,2304.2000000000003,162.98,7587.0,7587.0,4.0,164.0,11.6,540.0,540.0,6724.0,475.59999999999997,22140.0,22140.0,33.64,1566.0,1566.0,72900.0,72900.0,72900.0,14.5
25.5,1.0,93.0,8.0,210.0,0.0,650.25,25.5,2371.5,204.0,5355.0,0.0,1.0,93.0,8.0,210.0,0.0,8649.0,744.0,19530.0,0.0,64.0,1680.0,0.0,44100.0,0.0,0.0,1.0
27.6,2.0,83.0,2.6,90.0,225.0,761.7600000000001,55.2,2290.8,71.76,2484.0,6210.0,4.0,166.0,5.2,180.0,450.0,6889.0,215.8,7470.0,18675.0,6.760000000000001,234.0,585.0,8100.0,20250.0,50625.0,40.4
26.2,1.0,86.0,7.5,320.0,0.0,686.4399999999999,26.2,2253.2,196.5,8384.0,0.0,1.0,86.0,7.5,320.0,0.0,7396.0,645.0,27520.0,0.0,56.25,2400.0,0.0,102400.0,0.0,0.0,9.3
26.2,2.0,83.0,3.7,330.0,0.0,686.4399999999999,52.4,2174.6,96.94,8646.0,0.0,4.0,166.0,7.4,660.0,0.0,6889.0,307.1,27390.0,0.0,13.690000000000001,1221.0,0.0,108900.0,0.0,0.0,18.5
27.9,2.0,79.0,3.2,210.0,225.0,778.41,55.8,2204.1,89.28,5859.0,6277.5,4.0,158.0,6.4,420.0,450.0,6241.0,252.8,16590.0,17775.0,10.240000000000002,672.0,720.0,44100.0,47250.0,50625.0,63.6
28.7,2.0,73.0,8.0,140.0,90.0,823.6899999999999,57.4,2095.1,229.6,4018.0,2583.0,4.0,146.0,16.0,280.0,180.0,5329.0,584.0,10220.0,6570.0,64.0,1120.0,720.0,19600.0,12600.0,8100.0,0.0
27.5,2.0,83.0,8.0,250.0,270.0,756.25,55.0,2282.5,220.0,6875.0,7425.0,4.0,166.0,16.0,500.0,540.0,6889.0,664.0,20750.0,22410.0,64.0,2000.0,2160.0,62500.0,67500.0,72900.0,0.0
26.8,2.0,87.0,6.2,220.0,225.0,718.24,53.6,2331.6,166.16,5896.0,6030.0,4.0,174.0,12.4,440.0,450.0,7569.0,539.4,19140.0,19575.0,38.440000000000005,1364.0,1395.0,48400.0,49500.0,50625.0,42.0
27.3,2.0,87.0,5.1,20.0,225.0,745.2900000000001,54.6,2375.1,139.23,546.0,6142.5,4.0,174.0,10.2,40.0,450.0,7569.0,443.7,1740.0,19575.0,26.009999999999998,102.0,1147.5,400.0,4500.0,50625.0,0.4
26.9,2.0,88.0,5.5,200.0,0.0,723.6099999999999,53.8,2367.2,147.95,5380.0,0.0,4.0,176.0,11.0,400.0,0.0,7744.0,484.0,17600.0,0.0,30.25,1100.0,0.0,40000.0,0.0,0.0,25.9
26.5,2.0,88.0,4.7,180.0,0.0,702.25,53.0,2332.0,124.55000000000001,4770.0,0.0,4.0,176.0,9.4,360.0,0.0,7744.0,413.6,15840.0,0.0,22.090000000000003,846.0,0.0,32400.0,0.0,0.0,2.5
27.0,2.0,85.0,5.5,100.0,90.0,729.0,54.0,2295.0,148.5,2700.0,2430.0,4.0,170.0,11.0,200.0,180.0,7225.0,467.5,8500.0,7650.0,30.25,550.0,495.0,10000.0,9000.0,8100.0,5.9
28.2,1.0,81.0,5.4,120.0,0.0,795.24,28.2,2284.2,152.28,3384.0,0.0,1.0,81.0,5.4,120.0,0.0,6561.0,437.40000000000003,9720.0,0.0,29.160000000000004,648.0,0.0,14400.0,0.0,0.0,3.4
27.9,2.0,81.0,4.5,250.0,270.0,778.41,55.8,2259.9,125.55,6975.0,7533.0,4.0,162.0,9.0,500.0,540.0,6561.0,364.5,20250.0,21870.0,20.25,1125.0,1215.0,62500.0,67500.0,72900.0,0.0
27.2,1.0,83.0,7.0,250.0,270.0,739.8399999999999,27.2,2257.6,190.4,6800.0,7344.0,1.0,83.0,7.0,250.0,270.0,6889.0,581.0,20750.0,22410.0,49.0,1750.0,1890.0,62500.0,67500.0,72900.0,12.0
26.1,1.0,90.0,2.7,250.0,0.0,681.21,26.1,2349.0,70.47000000000001,6525.0,0.0,1.0,90.0,2.7,250.0,0.0,8100.0,243.00000000000003,22500.0,0.0,7.290000000000001,675.0,0.0,62500.0,0.0,0.0,0.0
26.1,2.0,88.0,4.1,100.0,270.0,681.21,52.2,2296.8,107.00999999999999,2610.0,7047.0,4.0,176.0,8.2,200.0,540.0,7744.0,360.79999999999995,8800.0,23760.0,16.81,409.99999999999994,1107.0,10000.0,27000.0,72900.0,4.2
26.9,1.0,86.0,5.7,330.0,0.0,723.6099999999999,26.9,2313.4,153.32999999999998,8877.0,0.0,1.0,86.0,5.7,330.0,0.0,7396.0,490.2,28380.0,0.0,32.49,1881.0,0.0,108900.0,0.0,0.0,1.9
26.7,2.0,87.0,4.9,50.0,0.0,712.89,53.4,2322.9,130.83,1335.0,0.0,4.0,174.0,9.8,100.0,0.0,7569.0,426.3,4350.0,0.0,24.010000000000005,245.00000000000003,0.0,2500.0,0.0,0.0,7.8
26.4,1.0,89.0,6.0,300.0,225.0,696.9599999999999,26.4,2349.6,158.39999999999998,7920.0,5940.0,1.0,89.0,6.0,300.0,225.0,7921.0,534.0,26700.0,20025.0,36.0,1800.0,1350.0,90000.0,67500.0,50625.0,50.1
27.0,1.0,89.0,6.6,260.0,0.0,729.0,27.0,2403.0,178.2,7020.0,0.0,1.0,89.0,6.6,260.0,0.0,7921.0,587.4,23140.0,0.0,43.559999999999995,1716.0,0.0,67600.0,0.0,0.0,6.2
26.3,2.0,92.0,4.9,220.0,270.0,691.69,52.6,2419.6,128.87,5786.0,7101.0,4.0,184.0,9.8,440.0,540.0,8464.0,450.8,20240.0,24840.0,24.010000000000005,1078.0,1323.0,48400.0,59400.0,72900.0,9.7
27.0,2.0,87.0,5.1,260.0,0.0,729.0,54.0,2349.0,137.7,7020.0,0.0,4.0,174.0,10.2,520.0,0.0,7569.0,443.7,22620.0,0.0,26.009999999999998,1326.0,0.0,67600.0,0.0,0.0,47.6
26.3,2.0,88.0,2.8,220.0,225.0,691.69,52.6,2314.4,73.64,5786.0,5917.5,4.0,176.0,5.6,440.0,450.0,7744.0,246.39999999999998,19360.0,19800.0,7.839999999999999,616.0,630.0,48400.0,49500.0,50625.0,62.3
27.5,3.0,83.0,5.4,210.0,270.0,756.25,82.5,2282.5,148.5,5775.0,7425.0,9.0,249.0,16.200000000000003,630.0,810.0,6889.0,448.20000000000005,17430.0,22410.0,29.160000000000004,1134.0,1458.0,44100.0,56700.0,72900.0,2.0
27.5,3.0,79.0,5.8,260.0,270.0,756.25,82.5,2172.5,159.5,7150.0,7425.0,9.0,237.0,17.4,780.0,810.0,6241.0,458.2,20540.0,21330.0,33.64,1508.0,1566.0,67600.0,70200.0,72900.0,0.0
25.3,1.0,89.0,5.4,250.0,0.0,640.09,25.3,2251.7000000000003,136.62,6325.0,0.0,1.0,89.0,5.4,250.0,0.0,7921.0,480.6,22250.0,0.0,29.160000000000004,1350.0,0.0,62500.0,0.0,0.0,6.0
27.2,3.0,85.0,1.5,260.0,270.0,739.8399999999999,81.6,2312.0,40.8,7072.0,7344.0,9.0,255.0,4.5,780.0,810.0,7225.0,127.5,22100.0,22950.0,2.25,390.0,405.0,67600.0,70200.0,72900.0,62.2
25.9,2.0,91.0,4.7,300.0,315.0,670.81,51.8,2356.9,121.73,7770.0,8158.5,4.0,182.0,9.4,600.0,630.0,8281.0,427.7,27300.0,28665.0,22.090000000000003,1410.0,1480.5,90000.0,94500.0,99225.0,7.9
26.1,1.0,87.0,1.9,300.0,0.0,681.21,26.1,2270.7000000000003,49.59,7830.0,0.0,1.0,87.0,1.9,300.0,0.0,7569.0,165.29999999999998,26100.0,0.0,3.61,570.0,0.0,90000.0,0.0,0.0,54.5
25.9,2.0,92.0,0.7,280.0,270.0,670.81,51.8,2382.7999999999997,18.13,7252.0,6993.0,4.0,184.0,1.4,560.0,540.0,8464.0,64.39999999999999,25760.0,24840.0,0.48999999999999994,196.0,189.0,78400.0,75600.0,72900.0,2.0
26.5,2.0,86.0,1.1,260.0,315.0,702.25,53.0,2279.0,29.150000000000002,6890.0,8347.5,4.0,172.0,2.2,520.0,630.0,7396.0,94.60000000000001,22360.0,27090.0,1.2100000000000002,286.0,346.5,67600.0,81900.0,99225.0,9.3
26.0,2.0,87.0,5.5,40.0,0.0,676.0,52.0,2262.0,143.0,1040.0,0.0,4.0,174.0,11.0,80.0,0.0,7569.0,478.5,3480.0,0.0,30.25,220.0,0.0,1600.0,0.0,0.0,2.2
27.0,2.0,85.0,3.5,240.0,315.0,729.0,54.0,2295.0,94.5,6480.0,8505.0,4.0,170.0,7.0,480.0,630.0,7225.0,297.5,20400.0,26775.0,12.25,840.0,1102.5,57600.0,75600.0,99225.0,4.0
25.9,1.0,90.0,7.4,260.0,270.0,670.81,25.9,2331.0,191.66,6734.0,6993.0,1.0,90.0,7.4,260.0,270.0,8100.0,666.0,23400.0,24300.0,54.760000000000005,1924.0,1998.0,67600.0,70200.0,72900.0,20.7
26.4,2.0,87.0,3.2,30.0,225.0,696.9599999999999,52.8,2296.7999999999997,84.48,792.0,5940.0,4.0,174.0,6.4,60.0,450.0,7569.0,278.40000000000003,2610.0,19575.0,10.240000000000002,96.0,720.0,900.0,6750.0,50625.0,24.0
26.7,2.0,87.0,2.2,170.0,0.0,712.89,53.4,2322.9,58.74,4539.0,0.0,4.0,174.0,4.4,340.0,0.0,7569.0,191.4,14790.0,0.0,4.840000000000001,374.00000000000006,0.0,28900.0,0.0,0.0,17.5
26.3,2.0,88.0,5.3,270.0,270.0,691.69,52.6,2314.4,139.39,7101.0,7101.0,4.0,176.0,10.6,540.0,540.0,7744.0,466.4,23760.0,23760.0,28.09,1431.0,1431.0,72900.0,72900.0,72900.0,14.9
25.1,3.0,97.0,3.0,250.0,270.0,630.0100000000001,75.30000000000001,2434.7000000000003,75.30000000000001,6275.0,6777.0,9.0,291.0,9.0,750.0,810.0,9409.0,291.0,24250.0,26190.0,9.0,750.0,810.0,62500.0,67500.0,72900.0,10.3
26.7,3.0,86.0,2.9,310.0,315.0,712.89,80.1,2296.2,77.42999999999999,8277.0,8410.5,9.0,258.0,8.7,930.0,945.0,7396.0,249.4,26660.0,27090.0,8.41,899.0,913.5,96100.0,97650.0,99225.0,65.8
25.7,1.0,91.0,8.0,240.0,315.0,660.49,25.7,2338.7,205.6,6168.0,8095.5,1.0,91.0,8.0,240.0,315.0,8281.0,728.0,21840.0,28665.0,64.0,1920.0,2520.0,57600.0,75600.0,99225.0,4.0
26.9,2.0,87.0,0.0,268.0,90.0,723.6099999999999,53.8,2340.2999999999997,0.0,7209.2,2421.0,4.0,174.0,0.0,536.0,180.0,7569.0,0.0,23316.0,7830.0,0.0,0.0,0.0,71824.0,24120.0,8100.0,9.5
24.9,1.0,95.0,4.5,10.0,0.0,620.0099999999999,24.9,2365.5,112.05,249.0,0.0,1.0,95.0,4.5,10.0,0.0,9025.0,427.5,950.0,0.0,20.25,45.0,0.0,100.0,0.0,0.0,24.2
26.5,1.0,88.0,0.0,360.0,0.0,702.25,26.5,2332.0,0.0,9540.0,0.0,1.0,88.0,0.0,360.0,0.0,7744.0,0.0,31680.0,0.0,0.0,0.0,0.0,129600.0,0.0,0.0,20.7
26.5,1.0,86.0,1.2,250.0,225.0,702.25,26.5,2279.0,31.799999999999997,6625.0,5962.5,1.0,86.0,1.2,250.0,225.0,7396.0,103.2,21500.0,19350.0,1.44,300.0,270.0,62500.0,56250.0,50625.0,23.0
26.4,1.0,87.0,0.0,320.0,0.0,696.9599999999999,26.4,2296.7999999999997,0.0,8448.0,0.0,1.0,87.0,0.0,320.0,0.0,7569.0,0.0,27840.0,0.0,0.0,0.0,0.0,102400.0,0.0,0.0,5.0
26.7,3.0,86.0,1.2,260.0,270.0,712.89,80.1,2296.2,32.04,6942.0,7209.0,9.0,258.0,3.5999999999999996,780.0,810.0,7396.0,103.2,22360.0,23220.0,1.44,312.0,324.0,67600.0,70200.0,72900.0,35.7
26.5,3.0,87.0,8.0,230.0,270.0,702.25,79.5,2305.5,212.0,6095.0,7155.0,9.0,261.0,24.0,690.0,810.0,7569.0,696.0,20010.0,23490.0,64.0,1840.0,2160.0,52900.0,62100.0,72900.0,0.0
27.4,1.0,85.0,4.6,240.0,0.0,750.7599999999999,27.4,2329.0,126.03999999999998,6576.0,0.0,1.0,85.0,4.6,240.0,0.0,7225.0,390.99999999999994,20400.0,0.0,21.159999999999997,1104.0,0.0,57600.0,0.0,0.0,21.1
27.1,2.0,85.0,5.8,210.0,270.0,734.4100000000001,54.2,2303.5,157.18,5691.0,7317.0,4.0,170.0,11.6,420.0,540.0,7225.0,493.0,17850.0,22950.0,33.64,1218.0,1566.0,44100.0,56700.0,72900.0,0.6
26.9,2.0,86.0,5.4,20.0,225.0,723.6099999999999,53.8,2313.4,145.26,538.0,6052.5,4.0,172.0,10.8,40.0,450.0,7396.0,464.40000000000003,1720.0,19350.0,29.160000000000004,108.0,1215.0,400.0,4500.0,50625.0,1.7
26.6,2.0,88.0,0.0,210.0,225.0,707.5600000000001,53.2,2340.8,0.0,5586.0,5985.0,4.0,176.0,0.0,420.0,450.0,7744.0,0.0,18480.0,19800.0,0.0,0.0,0.0,44100.0,47250.0,50625.0,22.6
26.4,3.0,84.0,2.3,250.0,315.0,696.9599999999999,79.19999999999999,2217.6,60.71999999999999,6600.0,8316.0,9.0,252.0,6.8999999999999995,750.0,945.0,7056.0,193.2,21000.0,26460.0,5.289999999999999,575.0,724.5,62500.0,78750.0,99225.0,2.4
27.6,3.0,78.0,0.9,350.0,270.0,761.7600000000001,82.80000000000001,2152.8,24.840000000000003,9660.0,7452.0,9.0,234.0,2.7,1050.0,810.0,6084.0,70.2,27300.0,21060.0,0.81,315.0,243.0,122500.0,94500.0,72900.0,8.2
26.2,2.0,86.0,8.0,270.0,315.0,686.4399999999999,52.4,2253.2,209.6,7074.0,8253.0,4.0,172.0,16.0,540.0,630.0,7396.0,688.0,23220.0,27090.0,64.0,2160.0,2520.0,72900.0,85050.0,99225.0,0.0
25.1,1.0,89.0,2.0,210.0,0.0,630.0100000000001,25.1,2233.9,50.2,5271.0,0.0,1.0,89.0,2.0,210.0,0.0,7921.0,178.0,18690.0,0.0,4.0,420.0,0.0,44100.0,0.0,0.0,9.3
26.3,2.0,86.0,0.0,340.0,225.0,691.69,52.6,2261.8,0.0,8942.0,5917.5,4.0,172.0,0.0,680.0,450.0,7396.0,0.0,29240.0,19350.0,0.0,0.0,0.0,115600.0,76500.0,50625.0,4.6
26.9,2.0,80.0,1.7,240.0,225.0,723.6099999999999,53.8,2152.0,45.73,6456.0,6052.5,4.0,160.0,3.4,480.0,450.0,6400.0,136.0,19200.0,18000.0,2.8899999999999997,408.0,382.5,57600.0,54000.0,50625.0,2.3
25.7,1.0,87.0,1.5,200.0,270.0,660.49,25.7,2235.9,38.55,5140.0,6939.0,1.0,87.0,1.5,200.0,270.0,7569.0,130.5,17400.0,23490.0,2.25,300.0,405.0,40000.0,54000.0,72900.0,8.6
26.6,2.0,82.0,2.6,240.0,270.0,707.5600000000001,53.2,2181.2000000000003,69.16000000000001,6384.0,7182.0,4.0,164.0,5.2,480.0,540.0,6724.0,213.20000000000002,19680.0,22140.0,6.760000000000001,624.0,702.0,57600.0,64800.0,72900.0,46.7
26.3,3.0,79.0,2.0,250.0,270.0,691.69,78.9,2077.7000000000003,52.6,6575.0,7101.0,9.0,237.0,6.0,750.0,810.0,6241.0,158.0,19750.0,21330.0,4.0,500.0,540.0,62500.0,67500.0,72900.0,0.0
27.4,3.0,76.0,6.4,260.0,270.0,750.7599999999999,82.19999999999999,2082.4,175.36,7124.0,7398.0,9.0,228.0,19.200000000000003,780.0,810.0,5776.0,486.40000000000003,19760.0,20520.0,40.96000000000001,1664.0,1728.0,67600.0,70200.0,72900.0,0.0
24.2,2.0,94.0,8.0,4.0,0.0,585.64,48.4,2274.7999999999997,193.6,96.8,0.0,4.0,188.0,16.0,8.0,0.0,8836.0,752.0,376.0,0.0,64.0,32.0,0.0,16.0,0.0,0.0,20.9
25.4,2.0,88.0,0.1,270.0,270.0,645.16,50.8,2235.2,2.54,6858.0,6858.0,4.0,176.0,0.2,540.0,540.0,7744.0,8.8,23760.0,23760.0,0.010000000000000002,27.0,27.0,72900.0,72900.0,72900.0,14.2
25.6,2.0,90.0,7.2,80.0,315.0,655.3600000000001,51.2,2304.0,184.32000000000002,2048.0,8064.0,4.0,180.0,14.4,160.0,630.0,8100.0,648.0,7200.0,28350.0,51.84,576.0,2268.0,6400.0,25200.0,99225.0,16.3
25.6,2.0,92.0,6.4,210.0,90.0,655.3600000000001,51.2,2355.2000000000003,163.84000000000003,5376.0,2304.0,4.0,184.0,12.8,420.0,180.0,8464.0,588.8000000000001,19320.0,8280.0,40.96000000000001,1344.0,576.0,44100.0,18900.0,8100.0,24.5
27.5,2.0,84.0,1.8,260.0,0.0,756.25,55.0,2310.0,49.5,7150.0,0.0,4.0,168.0,3.6,520.0,0.0,7056.0,151.20000000000002,21840.0,0.0,3.24,468.0,0.0,67600.0,0.0,0.0,31.9
27.6,2.0,85.0,4.9,240.0,90.0,761.7600000000001,55.2,2346.0,135.24,6624.0,2484.0,4.0,170.0,9.8,480.0,180.0,7225.0,416.50000000000006,20400.0,7650.0,24.010000000000005,1176.0,441.00000000000006,57600.0,21600.0,8100.0,0.5
26.9,2.0,85.0,4.1,230.0,225.0,723.6099999999999,53.8,2286.5,110.28999999999998,6187.0,6052.5,4.0,170.0,8.2,460.0,450.0,7225.0,348.49999999999994,19550.0,19125.0,16.81,942.9999999999999,922.4999999999999,52900.0,51750.0,50625.0,11.3
24.9,3.0,90.0,6.9,230.0,315.0,620.0099999999999,74.69999999999999,2241.0,171.81,5727.0,7843.5,9.0,270.0,20.700000000000003,690.0,945.0,8100.0,621.0,20700.0,28350.0,47.61000000000001,1587.0,2173.5,52900.0,72450.0,99225.0,4.5
26.2,2.0,83.0,1.4,340.0,225.0,686.4399999999999,52.4,2174.6,36.68,8908.0,5895.0,4.0,166.0,2.8,680.0,450.0,6889.0,116.19999999999999,28220.0,18675.0,1.9599999999999997,475.99999999999994,315.0,115600.0,76500.0,50625.0,12.1
26.7,2.0,86.0,5.5,210.0,225.0,712.89,53.4,2296.2,146.85,5607.0,6007.5,4.0,172.0,11.0,420.0,450.0,7396.0,473.0,18060.0,19350.0,30.25,1155.0,1237.5,44100.0,47250.0,50625.0,3.5
27.4,3.0,76.0,5.0,270.0,270.0,750.7599999999999,82.19999999999999,2082.4,137.0,7398.0,7398.0,9.0,228.0,15.0,810.0,810.0,5776.0,380.0,20520.0,20520.0,25.0,1350.0,1350.0,72900.0,72900.0,72900.0,0.0
28.4,2.0,77.0,8.0,240.0,270.0,806.56,56.8,2186.7999999999997,227.2,6816.0,7668.0,4.0,154.0,16.0,480.0,540.0,5929.0,616.0,18480.0,20790.0,64.0,1920.0,2160.0,57600.0,64800.0,72900.0,0.0
27.0,3.0,82.0,3.1,280.0,315.0,729.0,81.0,2214.0,83.7,7560.0,8505.0,9.0,246.0,9.3,840.0,945.0,6724.0,254.20000000000002,22960.0,25830.0,9.610000000000001,868.0,976.5,78400.0,88200.0,99225.0,3.1
27.9,4.0,76.0,2.6,260.0,270.0,778.41,111.6,2120.4,72.53999999999999,7254.0,7533.0,16.0,304.0,10.4,1040.0,1080.0,5776.0,197.6,19760.0,20520.0,6.760000000000001,676.0,702.0,67600.0,70200.0,72900.0,0.3
26.2,2.0,89.0,8.0,200.0,0.0,686.4399999999999,52.4,2331.7999999999997,209.6,5240.0,0.0,4.0,178.0,16.0,400.0,0.0,7921.0,712.0,17800.0,0.0,64.0,1600.0,0.0,40000.0,0.0,0.0,18.6
25.9,2.0,89.0,2.8,350.0,135.0,670.81,51.8,2305.1,72.52,9065.0,3496.5,4.0,178.0,5.6,700.0,270.0,7921.0,249.2,31150.0,12015.0,7.839999999999999,979.9999999999999,378.0,122500.0,47250.0,18225.0,2.8
26.0,1.0,85.0,5.0,250.0,0.0,676.0,26.0,2210.0,130.0,6500.0,0.0,1.0,85.0,5.0,250.0,0.0,7225.0,425.0,21250.0,0.0,25.0,1250.0,0.0,62500.0,0.0,0.0,60.0
25.6,1.0,89.0,2.3,180.0,0.0,655.3600000000001,25.6,2278.4,58.879999999999995,4608.0,0.0,1.0,89.0,2.3,180.0,0.0,7921.0,204.7,16020.0,0.0,5.289999999999999,413.99999999999994,0.0,32400.0,0.0,0.0,24.7
26.8,2.0,83.0,3.9,260.0,270.0,718.24,53.6,2224.4,104.52,6968.0,7236.0,4.0,166.0,7.8,520.0,540.0,6889.0,323.7,21580.0,22410.0,15.209999999999999,1014.0,1053.0,67600.0,70200.0,72900.0,4.9
27.6,3.0,82.0,5.0,230.0,270.0,761.7600000000001,82.80000000000001,2263.2000000000003,138.0,6348.0,7452.0,9.0,246.0,15.0,690.0,810.0,6724.0,410.0,18860.0,22140.0,25.0,1150.0,1350.0,52900.0,62100.0,72900.0,0.0
26.1,2.0,89.0,6.2,240.0,0.0,681.21,52.2,2322.9,161.82000000000002,6264.0,0.0,4.0,178.0,12.4,480.0,0.0,7921.0,551.8000000000001,21360.0,0.0,38.440000000000005,1488.0,0.0,57600.0,0.0,0.0,0.8
26.6,2.0,85.0,0.0,320.0,315.0,707.5600000000001,53.2,2261.0,0.0,8512.0,8379.0,4.0,170.0,0.0,640.0,630.0,7225.0,0.0,27200.0,26775.0,0.0,0.0,0.0,102400.0,100800.0,99225.0,3.3
25.8,1.0,89.0,4.2,300.0,0.0,665.64,25.8,2296.2000000000003,108.36000000000001,7740.0,0.0,1.0,89.0,4.2,300.0,0.0,7921.0,373.8,26700.0,0.0,17.64,1260.0,0.0,90000.0,0.0,0.0,11.2
25.8,2.0,86.0,5.6,340.0,90.0,665.64,51.6,2218.8,144.48,8772.0,2322.0,4.0,172.0,11.2,680.0,180.0,7396.0,481.59999999999997,29240.0,7740.0,31.359999999999996,1903.9999999999998,503.99999999999994,115600.0,30600.0,8100.0,2.0
26.8,1.0,81.0,0.0,120.0,0.0,718.24,26.8,2170.8,0.0,3216.0,0.0,1.0,81.0,0.0,120.0,0.0,6561.0,0.0,9720.0,0.0,0.0,0.0,0.0,14400.0,0.0,0.0,0.0
27.2,2.0,84.0,2.6,110.0,90.0,739.8399999999999,54.4,2284.7999999999997,70.72,2992.0,2448.0,4.0,168.0,5.2,220.0,180.0,7056.0,218.4,9240.0,7560.0,6.760000000000001,286.0,234.0,12100.0,9900.0,8100.0,8.6
27.2,1.0,82.0,0.8,100.0,135.0,739.8399999999999,27.2,2230.4,21.76,2720.0,3672.0,1.0,82.0,0.8,100.0,135.0,6724.0,65.60000000000001,8200.0,11070.0,0.6400000000000001,80.0,108.0,10000.0,13500.0,18225.0,0.0
27.6,2.0,81.0,0.0,230.0,270.0,761.7600000000001,55.2,2235.6,0.0,6348.0,7452.0,4.0,162.0,0.0,460.0,540.0,6561.0,0.0,18630.0,21870.0,0.0,0.0,0.0,52900.0,62100.0,72900.0,0.0
28.0,3.0,78.0,2.1,270.0,315.0,784.0,84.0,2184.0,58.800000000000004,7560.0,8820.0,9.0,234.0,6.300000000000001,810.0,945.0,6084.0,163.8,21060.0,24570.0,4.41,567.0,661.5,72900.0,85050.0,99225.0,0.0
28.8,2.0,74.0,4.1,350.0,0.0,829.44,57.6,2131.2000000000003,118.08,10080.0,0.0,4.0,148.0,8.2,700.0,0.0,5476.0,303.4,25900.0,0.0,16.81,1434.9999999999998,0.0,122500.0,0.0,0.0,0.0
27.1,2.0,83.0,7.9,350.0,90.0,734.4100000000001,54.2,2249.3,214.09000000000003,9485.0,2439.0,4.0,166.0,15.8,700.0,180.0,6889.0,655.7,29050.0,7470.0,62.410000000000004,2765.0,711.0,122500.0,31500.0,8100.0,0.0
26.6,2.0,85.0,5.8,190.0,90.0,707.5600000000001,53.2,2261.0,154.28,5054.0,2394.0,4.0,170.0,11.6,380.0,180.0,7225.0,493.0,16150.0,7650.0,33.64,1102.0,522.0,36100.0,17100.0,8100.0,3.8
27.4,3.0,85.0,3.5,230.0,270.0,750.7599999999999,82.19999999999999,2329.0,95.89999999999999,6302.0,7398.0,9.0,255.0,10.5,690.0,810.0,7225.0,297.5,19550.0,22950.0,12.25,805.0,945.0,52900.0,62100.0,72900.0,0.5
27.8,3.0,81.0,5.6,250.0,270.0,772.84,83.4,2251.8,155.68,6950.0,7506.0,9.0,243.0,16.799999999999997,750.0,810.0,6561.0,453.59999999999997,20250.0,21870.0,31.359999999999996,1400.0,1512.0,62500.0,67500.0,72900.0,0.0
27.6,2.0,80.0,7.3,260.0,270.0,761.7600000000001,55.2,2208.0,201.48000000000002,7176.0,7452.0,4.0,160.0,14.6,520.0,540.0,6400.0,584.0,20800.0,21600.0,53.29,1898.0,1971.0,67600.0,70200.0,72900.0,0.0
28.1,3.0,68.0,3.6,250.0,270.0,789.6100000000001,84.30000000000001,1910.8000000000002,101.16000000000001,7025.0,7587.0,9.0,204.0,10.8,750.0,810.0,4624.0,244.8,17000.0,18360.0,12.96,900.0,972.0,62500.0,67500.0,72900.0,3.5
27.6,3.0,71.0,8.0,250.0,270.0,761.7600000000001,82.80000000000001,1959.6000000000001,220.8,6900.0,7452.0,9.0,213.0,24.0,750.0,810.0,5041.0,568.0,17750.0,19170.0,64.0,2000.0,2160.0,62500.0,67500.0,72900.0,0.0
26.7,2.0,84.0,3.9,310.0,315.0,712.89,53.4,2242.7999999999997,104.13,8277.0,8410.5,4.0,168.0,7.8,620.0,630.0,7056.0,327.59999999999997,26040.0,26460.0,15.209999999999999,1209.0,1228.5,96100.0,97650.0,99225.0,0.0
26.6,3.0,85.0,3.8,240.0,270.0,707.5600000000001,79.80000000000001,2261.0,101.08,6384.0,7182.0,9.0,255.0,11.399999999999999,720.0,810.0,7225.0,323.0,20400.0,22950.0,14.44,912.0,1026.0,57600.0,64800.0,72900.0,3.9
25.0,1.0,93.0,5.7,30.0,0.0,625.0,25.0,2325.0,142.5,750.0,0.0,1.0,93.0,5.7,30.0,0.0,8649.0,530.1,2790.0,0.0,32.49,171.0,0.0,900.0,0.0,0.0,9.2
26.6,1.0,87.0,4.8,260.0,0.0,707.5600000000001,26.6,2314.2000000000003,127.68,6916.0,0.0,1.0,87.0,4.8,260.0,0.0,7569.0,417.59999999999997,22620.0,0.0,23.04,1248.0,0.0,67600.0,0.0,0.0,23.6
24.8,1.0,94.0,4.5,230.0,0.0,615.0400000000001,24.8,2331.2000000000003,111.60000000000001,5704.0,0.0,1.0,94.0,4.5,230.0,0.0,8836.0,423.0,21620.0,0.0,20.25,1035.0,0.0,52900.0,0.0,0.0,2.0
26.3,1.0,83.0,2.9,230.0,225.0,691.69,26.3,2182.9,76.27,6049.0,5917.5,1.0,83.0,2.9,230.0,225.0,6889.0,240.7,19090.0,18675.0,8.41,667.0,652.5,52900.0,51750.0,50625.0,11.8
25.2,1.0,89.0,6.4,70.0,0.0,635.04,25.2,2242.7999999999997,161.28,1764.0,0.0,1.0,89.0,6.4,70.0,0.0,7921.0,569.6,6230.0,0.0,40.96000000000001,448.0,0.0,4900.0,0.0,0.0,2.2
26.3,2.0,83.0,3.0,220.0,270.0,691.69,52.6,2182.9,78.9,5786.0,7101.0,4.0,166.0,6.0,440.0,540.0,6889.0,249.0,18260.0,22410.0,9.0,660.0,810.0,48400.0,59400.0,72900.0,10.9
27.4,3.0,80.0,6.3,260.0,270.0,750.7599999999999,82.19999999999999,2192.0,172.61999999999998,7124.0,7398.0,9.0,240.0,18.9,780.0,810.0,6400.0,504.0,20800.0,21600.0,39.69,1638.0,1701.0,67600.0,70200.0,72900.0,0.0
25.9,2.0,87.0,5.7,30.0,225.0,670.81,51.8,2253.2999999999997,147.63,777.0,5827.5,4.0,174.0,11.4,60.0,450.0,7569.0,495.90000000000003,2610.0,19575.0,32.49,171.0,1282.5,900.0,6750.0,50625.0,0.0
25.3,1.0,89.0,6.0,110.0,0.0,640.09,25.3,2251.7000000000003,151.8,2783.0,0.0,1.0,89.0,6.0,110.0,0.0,7921.0,534.0,9790.0,0.0,36.0,660.0,0.0,12100.0,0.0,0.0,44.5
25.5,2.0,89.0,4.6,330.0,45.0,650.25,51.0,2269.5,117.3,8415.0,1147.5,4.0,178.0,9.2,660.0,90.0,7921.0,409.4,29370.0,4005.0,21.159999999999997,1517.9999999999998,206.99999999999997,108900.0,14850.0,2025.0,14.2
25.5,1.0,90.0,3.5,250.0,0.0,650.25,25.5,2295.0,89.25,6375.0,0.0,1.0,90.0,3.5,250.0,0.0,8100.0,315.0,22500.0,0.0,12.25,875.0,0.0,62500.0,0.0,0.0,34.3
25.9,1.0,87.0,4.8,350.0,0.0,670.81,25.9,2253.2999999999997,124.32,9065.0,0.0,1.0,87.0,4.8,350.0,0.0,7569.0,417.59999999999997,30450.0,0.0,23.04,1680.0,0.0,122500.0,0.0,0.0,5.2
26.1,1.0,89.0,8.0,360.0,0.0,681.21,26.1,2322.9,208.8,9396.0,0.0,1.0,89.0,8.0,360.0,0.0,7921.0,712.0,32040.0,0.0,64.0,2880.0,0.0,129600.0,0.0,0.0,4.8
24.3,1.0,96.0,5.0,340.0,0.0,590.49,24.3,2332.8,121.5,8262.0,0.0,1.0,96.0,5.0,340.0,0.0,9216.0,480.0,32640.0,0.0,25.0,1700.0,0.0,115600.0,0.0,0.0,48.4
26.8,2.0,84.0,5.3,340.0,135.0,718.24,53.6,2251.2000000000003,142.04,9112.0,3618.0,4.0,168.0,10.6,680.0,270.0,7056.0,445.2,28560.0,11340.0,28.09,1802.0,715.5,115600.0,45900.0,18225.0,35.0
27.3,2.0,84.0,8.0,120.0,135.0,745.2900000000001,54.6,2293.2000000000003,218.4,3276.0,3685.5,4.0,168.0,16.0,240.0,270.0,7056.0,672.0,10080.0,11340.0,64.0,960.0,1080.0,14400.0,16200.0,18225.0,0.3
27.2,1.0,88.0,6.1,140.0,0.0,739.8399999999999,27.2,2393.6,165.92,3808.0,0.0,1.0,88.0,6.1,140.0,0.0,7744.0,536.8,12320.0,0.0,37.209999999999994,854.0,0.0,19600.0,0.0,0.0,3.2
26.3,1.0,92.0,2.4,100.0,0.0,691.69,26.3,2419.6,63.12,2630.0,0.0,1.0,92.0,2.4,100.0,0.0,8464.0,220.79999999999998,9200.0,0.0,5.76,240.0,0.0,10000.0,0.0,0.0,32.5
27.7,1.0,81.0,3.7,100.0,0.0,767.29,27.7,2243.7,102.49000000000001,2770.0,0.0,1.0,81.0,3.7,100.0,0.0,6561.0,299.7,8100.0,0.0,13.690000000000001,370.0,0.0,10000.0,0.0,0.0,28.2
26.8,2.0,88.0,6.7,360.0,0.0,718.24,53.6,2358.4,179.56,9648.0,0.0,4.0,176.0,13.4,720.0,0.0,7744.0,589.6,31680.0,0.0,44.89,2412.0,0.0,129600.0,0.0,0.0,0.0
25.8,2.0,90.0,2.9,200.0,270.0,665.64,51.6,2322.0,74.82,5160.0,6966.0,4.0,180.0,5.8,400.0,540.0,8100.0,261.0,18000.0,24300.0,8.41,580.0,783.0,40000.0,54000.0,72900.0,38.7
25.4,2.0,93.0,3.5,340.0,0.0,645.16,50.8,2362.2,88.89999999999999,8636.0,0.0,4.0,186.0,7.0,680.0,0.0,8649.0,325.5,31620.0,0.0,12.25,1190.0,0.0,115600.0,0.0,0.0,5.7
26.3,2.0,89.0,5.7,300.0,90.0,691.69,52.6,2340.7000000000003,149.91,7890.0,2367.0,4.0,178.0,11.4,600.0,180.0,7921.0,507.3,26700.0,8010.0,32.49,1710.0,513.0,90000.0,27000.0,8100.0,60.1
24.0,1.0,96.0,2.5,20.0,0.0,576.0,24.0,2304.0,60.0,480.0,0.0,1.0,96.0,2.5,20.0,0.0,9216.0,240.0,1920.0,0.0,6.25,50.0,0.0,400.0,0.0,0.0,2.0
26.2,1.0,88.0,0.5,90.0,0.0,686.4399999999999,26.2,2305.6,13.1,2358.0,0.0,1.0,88.0,0.5,90.0,0.0,7744.0,44.0,7920.0,0.0,0.25,45.0,0.0,8100.0,0.0,0.0,20.6
26.5,1.0,91.0,5.3,230.0,0.0,702.25,26.5,2411.5,140.45,6095.0,0.0,1.0,91.0,5.3,230.0,0.0,8281.0,482.3,20930.0,0.0,28.09,1219.0,0.0,52900.0,0.0,0.0,27.6
27.4,1.0,84.0,2.0,240.0,0.0,750.7599999999999,27.4,2301.6,54.8,6576.0,0.0,1.0,84.0,2.0,240.0,0.0,7056.0,168.0,20160.0,0.0,4.0,480.0,0.0,57600.0,0.0,0.0,0.2
26.5,2.0,85.0,8.0,240.0,315.0,702.25,53.0,2252.5,212.0,6360.0,8347.5,4.0,170.0,16.0,480.0,630.0,7225.0,680.0,20400.0,26775.0,64.0,1920.0,2520.0,57600.0,75600.0,99225.0,0.6
26.6,2.0,85.0,6.2,280.0,270.0,707.5600000000001,53.2,2261.0,164.92000000000002,7448.0,7182.0,4.0,170.0,12.4,560.0,540.0,7225.0,527.0,23800.0,22950.0,38.440000000000005,1736.0,1674.0,78400.0,75600.0,72900.0,0.4
25.7,2.0,88.0,2.6,300.0,0.0,660.49,51.4,2261.6,66.82000000000001,7710.0,0.0,4.0,176.0,5.2,600.0,0.0,7744.0,228.8,26400.0,0.0,6.760000000000001,780.0,0.0,90000.0,0.0,0.0,46.9
25.9,1.0,85.0,0.5,130.0,0.0,670.81,25.9,2201.5,12.95,3367.0,0.0,1.0,85.0,0.5,130.0,0.0,7225.0,42.5,11050.0,0.0,0.25,65.0,0.0,16900.0,0.0,0.0,0.0
26.3,2.0,85.0,2.5,200.0,0.0,691.69,52.6,2235.5,65.75,5260.0,0.0,4.0,170.0,5.0,400.0,0.0,7225.0,212.5,17000.0,0.0,6.25,500.0,0.0,40000.0,0.0,0.0,65.3
25.7,2.0,90.0,1.0,360.0,0.0,660.49,51.4,2313.0,25.7,9252.0,0.0,4.0,180.0,2.0,720.0,0.0,8100.0,90.0,32400.0,0.0,1.0,360.0,0.0,129600.0,0.0,0.0,0.1
27.6,3.0,78.0,0.4,270.0,270.0,761.7600000000001,82.80000000000001,2152.8,11.040000000000001,7452.0,7452.0,9.0,234.0,1.2000000000000002,810.0,810.0,6084.0,31.200000000000003,21060.0,21060.0,0.16000000000000003,108.0,108.0,72900.0,72900.0,72900.0,14.8
27.7,2.0,81.0,8.0,250.0,270.0,767.29,55.4,2243.7,221.6,6925.0,7479.0,4.0,162.0,16.0,500.0,540.0,6561.0,648.0,20250.0,21870.0,64.0,2000.0,2160.0,62500.0,67500.0,72900.0,0.0
27.3,2.0,82.0,7.1,260.0,270.0,745.2900000000001,54.6,2238.6,193.82999999999998,7098.0,7371.0,4.0,164.0,14.2,520.0,540.0,6724.0,582.1999999999999,21320.0,22140.0,50.41,1846.0,1917.0,67600.0,70200.0,72900.0,0.0
28.0,2.0,76.0,1.6,240.0,270.0,784.0,56.0,2128.0,44.800000000000004,6720.0,7560.0,4.0,152.0,3.2,480.0,540.0,5776.0,121.60000000000001,18240.0,20520.0,2.5600000000000005,384.0,432.0,57600.0,64800.0,72900.0,2.3
27.6,2.0,82.0,4.1,250.0,270.0,761.7600000000001,55.2,2263.2000000000003,113.16,6900.0,7452.0,4.0,164.0,8.2,500.0,540.0,6724.0,336.2,20500.0,22140.0,16.81,1025.0,1107.0,62500.0,67500.0,72900.0,2.6
28.3,1.0,79.0,7.0,250.0,0.0,800.89,28.3,2235.7000000000003,198.1,7075.0,0.0,1.0,79.0,7.0,250.0,0.0,6241.0,553.0,19750.0,0.0,49.0,1750.0,0.0,62500.0,0.0,0.0,9.6
28.0,1.0,83.0,8.0,230.0,0.0,784.0,28.0,2324.0,224.0,6440.0,0.0,1.0,83.0,8.0,230.0,0.0,6889.0,664.0,19090.0,0.0,64.0,1840.0,0.0,52900.0,0.0,0.0,0.0
